<DATE>	<TIME>	<OPEN>	<HIGH>	<LOW>	<CLOSE>	<TICKVOL>	<VOL>	<SPREAD>
2024.03.01	00:00:00	0.82570	0.82666	0.82359	0.82657	10336	0	1
2024.03.01	04:00:00	0.82658	0.82677	0.82596	0.82627	10481	0	1
2024.03.01	08:00:00	0.82627	0.82718	0.82611	0.82675	15360	0	28
2024.03.01	12:00:00	0.82677	0.82773	0.82572	0.82665	19561	0	29
2024.03.01	16:00:00	0.82665	0.82899	0.82620	0.82723	23282	0	48
2024.03.01	20:00:00	0.82723	0.82817	0.82671	0.82785	10132	0	1
2024.03.04	00:00:00	0.82694	0.82780	0.82632	0.82658	4532	0	1
2024.03.04	04:00:00	0.82658	0.82711	0.82633	0.82669	3373	0	2
2024.03.04	08:00:00	0.82669	0.82806	0.82634	0.82778	6507	0	32
2024.03.04	12:00:00	0.82778	0.82790	0.82664	0.82675	8538	0	29
2024.03.04	16:00:00	0.82672	0.82802	0.82631	0.82702	20820	0	48
2024.03.04	20:00:00	0.82697	0.82759	0.82604	0.82666	8526	0	0
2024.03.05	00:00:00	0.82643	0.82753	0.82612	0.82675	10172	0	0
2024.03.05	04:00:00	0.82676	0.82728	0.82598	0.82602	10372	0	1
2024.03.05	08:00:00	0.82605	0.82629	0.82496	0.82522	15784	0	39
2024.03.05	12:00:00	0.82522	0.82662	0.82515	0.82652	14984	0	48
2024.03.05	16:00:00	0.82652	0.82806	0.82566	0.82670	23433	0	47
2024.03.05	20:00:00	0.82668	0.82720	0.82607	0.82664	13583	0	1
2024.03.06	00:00:00	0.82701	0.82758	0.82486	0.82546	9613	0	0
2024.03.06	04:00:00	0.82546	0.82785	0.82546	0.82750	10180	0	38
2024.03.06	08:00:00	0.82750	0.82873	0.82726	0.82859	16223	0	29
2024.03.06	12:00:00	0.82858	0.82957	0.82802	0.82925	17343	0	28
2024.03.06	16:00:00	0.82925	0.82965	0.82681	0.82800	26374	0	47
2024.03.06	20:00:00	0.82794	0.82884	0.82734	0.82762	14002	0	0
2024.03.07	00:00:00	0.82772	0.82926	0.82627	0.82855	11657	0	0
2024.03.07	04:00:00	0.82856	0.83026	0.82843	0.82954	14250	0	39
2024.03.07	08:00:00	0.82954	0.83140	0.82942	0.83114	16013	0	33
2024.03.07	12:00:00	0.83113	0.83220	0.83075	0.83123	18233	0	29
2024.03.07	16:00:00	0.83124	0.83187	0.83023	0.83099	22876	0	48
2024.03.07	20:00:00	0.83098	0.83115	0.83008	0.83025	10772	0	0
2024.03.08	00:00:00	0.83054	0.83141	0.82901	0.82930	9778	0	1
2024.03.08	04:00:00	0.82928	0.83024	0.82903	0.83017	10093	0	2
2024.03.08	08:00:00	0.83016	0.83112	0.82953	0.83080	16882	0	33
2024.03.08	12:00:00	0.83080	0.83425	0.83056	0.83314	18692	0	2
2024.03.08	16:00:00	0.83314	0.83443	0.83132	0.83243	27977	0	48
2024.03.08	20:00:00	0.83244	0.83316	0.83212	0.83221	11758	0	2
2024.03.11	00:00:00	0.83255	0.83312	0.83121	0.83229	8465	0	0
2024.03.11	04:00:00	0.83228	0.83280	0.83158	0.83228	10239	0	38
2024.03.11	08:00:00	0.83228	0.83279	0.83092	0.83135	14228	0	7
2024.03.11	12:00:00	0.83135	0.83303	0.83125	0.83298	15066	0	29
2024.03.11	16:00:00	0.83298	0.83329	0.83131	0.83158	22025	0	47
2024.03.11	20:00:00	0.83158	0.83186	0.83062	0.83149	10534	0	5
2024.03.12	00:00:00	0.83159	0.83176	0.83063	0.83107	8402	0	2
2024.03.12	04:00:00	0.83107	0.83182	0.83069	0.83131	11412	0	38
2024.03.12	08:00:00	0.83131	0.83164	0.83004	0.83015	15134	0	29
2024.03.12	12:00:00	0.83015	0.83296	0.82829	0.83128	20237	0	4
2024.03.12	16:00:00	0.83129	0.83133	0.82850	0.82951	27683	0	48
2024.03.12	20:00:00	0.82952	0.83022	0.82853	0.82942	10804	0	2
2024.03.13	00:00:00	0.82965	0.82979	0.82753	0.82919	5909	0	2
2024.03.13	04:00:00	0.82918	0.83144	0.82901	0.83125	12792	0	4
2024.03.13	08:00:00	0.83125	0.83225	0.83057	0.83068	14798	0	5
2024.03.13	12:00:00	0.83067	0.83068	0.82947	0.83006	16364	0	4
2024.03.13	16:00:00	0.83006	0.83039	0.82868	0.82944	21440	0	48
2024.03.13	20:00:00	0.82943	0.83015	0.82873	0.82907	10700	0	2
2024.03.14	00:00:00	0.82930	0.83037	0.82740	0.83027	7644	0	3
2024.03.14	04:00:00	0.83028	0.83129	0.82916	0.82984	8191	0	4
2024.03.14	08:00:00	0.82982	0.83026	0.82938	0.82954	14711	0	6
2024.03.14	12:00:00	0.82956	0.83111	0.82899	0.82980	17552	0	4
2024.03.14	16:00:00	0.82980	0.82999	0.82807	0.82942	24573	0	47
2024.03.14	20:00:00	0.82944	0.82975	0.82848	0.82923	13038	0	5
2024.03.15	00:00:00	0.82921	0.82986	0.82652	0.82660	7822	0	3
2024.03.15	04:00:00	0.82661	0.82685	0.82518	0.82591	11397	0	4
2024.03.15	08:00:00	0.82590	0.82629	0.82485	0.82510	15643	0	5
2024.03.15	12:00:00	0.82509	0.82544	0.82390	0.82458	14578	0	4
2024.03.15	16:00:00	0.82458	0.82498	0.82285	0.82375	22107	0	47
2024.03.15	20:00:00	0.82375	0.82435	0.82320	0.82351	9555	0	5
2024.03.18	00:00:00	0.82312	0.82456	0.82227	0.82393	7323	0	3
2024.03.18	04:00:00	0.82392	0.82526	0.82359	0.82462	10989	0	4
2024.03.18	08:00:00	0.82463	0.82493	0.82342	0.82482	12182	0	5
2024.03.18	12:00:00	0.82482	0.82517	0.82401	0.82406	14202	0	8
2024.03.18	16:00:00	0.82405	0.82509	0.82322	0.82339	17918	0	47
2024.03.18	20:00:00	0.82337	0.82357	0.82237	0.82324	9174	0	4
2024.03.19	00:00:00	0.82299	0.82369	0.82189	0.82241	5940	0	3
2024.03.19	04:00:00	0.82241	0.82314	0.82106	0.82116	13983	0	4
2024.03.19	08:00:00	0.82115	0.82126	0.81973	0.82049	15216	0	47
2024.03.19	12:00:00	0.82047	0.82328	0.81912	0.82321	15965	0	47
2024.03.19	16:00:00	0.82320	0.82357	0.82053	0.82060	18069	0	6
2024.03.19	20:00:00	0.82061	0.82133	0.82030	0.82070	9472	0	2
2024.03.20	00:00:00	0.82093	0.82131	0.81966	0.82086	7631	0	3
2024.03.20	04:00:00	0.82062	0.82175	0.81982	0.81988	11687	0	4
2024.03.20	08:00:00	0.81990	0.82118	0.81983	0.82030	10810	0	6
2024.03.20	12:00:00	0.82030	0.82032	0.81894	0.81897	12947	0	5
2024.03.20	16:00:00	0.81896	0.81968	0.81800	0.81810	14850	0	47
2024.03.20	20:00:00	0.81810	0.82042	0.81595	0.82011	23093	0	4
2024.03.21	00:00:00	0.82019	0.82101	0.81650	0.81996	10948	0	5
2024.03.21	04:00:00	0.81998	0.82120	0.81966	0.82038	12599	0	4
2024.03.21	08:00:00	0.82038	0.82165	0.82006	0.82110	15300	0	5
2024.03.21	12:00:00	0.82113	0.82147	0.82014	0.82019	17701	0	47
2024.03.21	16:00:00	0.82019	0.82022	0.81737	0.81746	23230	0	47
2024.03.21	20:00:00	0.81744	0.81762	0.81681	0.81730	8960	0	2
2024.03.22	00:00:00	0.81727	0.81809	0.81698	0.81784	6542	0	4
2024.03.22	04:00:00	0.81783	0.81804	0.81491	0.81498	13822	0	4
2024.03.22	08:00:00	0.81502	0.81563	0.81431	0.81510	14661	0	5
2024.03.22	12:00:00	0.81510	0.81574	0.81445	0.81509	15678	0	5
2024.03.22	16:00:00	0.81509	0.81657	0.81449	0.81526	17760	0	47
2024.03.22	20:00:00	0.81526	0.81584	0.81486	0.81509	7256	0	4
2024.03.25	00:00:00	0.81499	0.81559	0.81401	0.81553	6024	0	3
2024.03.25	04:00:00	0.81553	0.81683	0.81505	0.81539	14533	0	4
2024.03.25	08:00:00	0.81540	0.81599	0.81463	0.81564	11505	0	5
2024.03.25	12:00:00	0.81565	0.81646	0.81531	0.81558	12389	0	4
2024.03.25	16:00:00	0.81557	0.81602	0.81469	0.81497	15862	0	4
2024.03.25	20:00:00	0.81498	0.81581	0.81475	0.81531	6355	0	2
2024.03.26	00:00:00	0.81522	0.81560	0.81438	0.81543	5706	0	4
2024.03.26	04:00:00	0.81543	0.81604	0.81510	0.81545	10825	0	4
2024.03.26	08:00:00	0.81544	0.81700	0.81530	0.81679	11681	0	5
2024.03.26	12:00:00	0.81678	0.81799	0.81537	0.81555	13937	0	4
2024.03.26	16:00:00	0.81556	0.81639	0.81509	0.81544	16968	0	48
2024.03.26	20:00:00	0.81544	0.81606	0.81489	0.81528	7967	0	2
2024.03.27	00:00:00	0.81528	0.81578	0.81404	0.81491	7390	0	3
2024.03.27	04:00:00	0.81492	0.81507	0.81392	0.81505	12032	0	5
2024.03.27	08:00:00	0.81504	0.81627	0.81484	0.81574	12235	0	5
2024.03.27	12:00:00	0.81575	0.81667	0.81517	0.81521	14761	0	4
2024.03.27	16:00:00	0.81522	0.81574	0.81451	0.81463	17507	0	48
2024.03.27	20:00:00	0.81463	0.81485	0.81379	0.81423	8712	0	2
2024.03.28	00:00:00	0.81421	0.81459	0.81252	0.81348	7756	0	4
2024.03.28	04:00:00	0.81347	0.81455	0.81289	0.81313	11407	0	5
2024.03.28	08:00:00	0.81316	0.81389	0.81103	0.81104	13250	0	4
2024.03.28	12:00:00	0.81104	0.81112	0.80948	0.81032	13476	0	3
2024.03.28	16:00:00	0.81031	0.81088	0.80896	0.80941	19054	0	4
2024.03.28	20:00:00	0.80942	0.80968	0.80829	0.80831	9246	0	3
2024.03.29	00:00:00	0.80832	0.80913	0.80769	0.80866	5828	0	12
2024.03.29	04:00:00	0.80865	0.80922	0.80794	0.80897	3853	0	9
2024.03.29	08:00:00	0.80915	0.80940	0.80830	0.80892	3358	0	10
2024.03.29	12:00:00	0.80908	0.81086	0.80832	0.81008	3825	0	17
2024.03.29	16:00:00	0.81007	0.81081	0.80947	0.80954	3492	0	18
2024.03.29	20:00:00	0.80958	0.81054	0.80834	0.80880	4534	0	21
2024.04.01	00:00:00	0.80844	0.80991	0.80744	0.80975	9310	0	9
2024.04.01	04:00:00	0.80975	0.81023	0.80857	0.80886	8538	0	5
2024.04.01	08:00:00	0.80887	0.80949	0.80821	0.80913	8272	0	4
2024.04.01	12:00:00	0.80912	0.80960	0.80857	0.80929	9826	0	4
2024.04.01	16:00:00	0.80929	0.80929	0.80638	0.80659	17482	0	4
2024.04.01	20:00:00	0.80662	0.80804	0.80657	0.80754	7130	0	3
2024.04.02	00:00:00	0.80771	0.80817	0.80696	0.80740	6996	0	5
2024.04.02	04:00:00	0.80739	0.80788	0.80683	0.80725	11464	0	4
2024.04.02	08:00:00	0.80725	0.80775	0.80684	0.80758	14413	0	6
2024.04.02	12:00:00	0.80758	0.80828	0.80741	0.80797	13538	0	3
2024.04.02	16:00:00	0.80798	0.80992	0.80792	0.80887	19568	0	5
2024.04.02	20:00:00	0.80887	0.81030	0.80875	0.80977	8250	0	2
2024.04.03	00:00:00	0.80954	0.81006	0.80845	0.80847	6638	0	3
2024.04.03	04:00:00	0.80847	0.81047	0.80760	0.81007	9505	0	4
2024.04.03	08:00:00	0.81006	0.81088	0.80961	0.80987	13564	0	4
2024.04.03	12:00:00	0.80987	0.81015	0.80902	0.80933	12521	0	3
2024.04.03	16:00:00	0.80933	0.81234	0.80788	0.81209	23056	0	48
2024.04.03	20:00:00	0.81208	0.81305	0.81176	0.81243	9495	0	0
2024.04.04	00:00:00	0.81267	0.81400	0.81131	0.81393	7405	0	4
2024.04.04	04:00:00	0.81392	0.81466	0.81344	0.81437	8326	0	4
2024.04.04	08:00:00	0.81438	0.81564	0.81430	0.81503	11811	0	4
2024.04.04	12:00:00	0.81504	0.81585	0.81326	0.81456	11859	0	3
2024.04.04	16:00:00	0.81456	0.81552	0.81380	0.81537	13649	0	3
2024.04.04	20:00:00	0.81537	0.81701	0.81526	0.81556	13703	0	2
2024.04.05	00:00:00	0.81512	0.81686	0.81490	0.81661	9934	0	6
2024.04.05	04:00:00	0.81661	0.81681	0.81501	0.81506	12432	0	4
2024.04.05	08:00:00	0.81508	0.81638	0.81479	0.81598	14594	0	4
2024.04.05	12:00:00	0.81598	0.81722	0.81432	0.81690	16943	0	3
2024.04.05	16:00:00	0.81691	0.81846	0.81598	0.81692	24688	0	48
2024.04.05	20:00:00	0.81688	0.81746	0.81651	0.81673	11708	0	5
2024.04.08	00:00:00	0.81538	0.81783	0.81434	0.81715	7861	0	4
2024.04.08	04:00:00	0.81712	0.81770	0.81641	0.81759	12729	0	4
2024.04.08	08:00:00	0.81762	0.81808	0.81695	0.81729	14593	0	5
2024.04.08	12:00:00	0.81729	0.81888	0.81722	0.81778	12903	0	3
2024.04.08	16:00:00	0.81779	0.81995	0.81760	0.81869	19338	0	5
2024.04.08	20:00:00	0.81868	0.81923	0.81828	0.81830	8328	0	2
2024.04.09	00:00:00	0.81871	0.81990	0.81774	0.81965	5789	0	4
2024.04.09	04:00:00	0.81963	0.82087	0.81944	0.82014	10262	0	4
2024.04.09	08:00:00	0.82014	0.82045	0.81912	0.81994	11412	0	5
2024.04.09	12:00:00	0.81994	0.82292	0.81977	0.82257	14456	0	3
2024.04.09	16:00:00	0.82259	0.82346	0.82194	0.82207	21182	0	5
2024.04.09	20:00:00	0.82206	0.82259	0.82155	0.82203	10376	0	0
2024.04.10	00:00:00	0.82200	0.82327	0.82061	0.82213	7227	0	2
2024.04.10	04:00:00	0.82210	0.82430	0.81952	0.82388	11741	0	4
2024.04.10	08:00:00	0.82386	0.82420	0.82254	0.82357	13569	0	7
2024.04.10	12:00:00	0.82357	0.82469	0.81937	0.82080	16648	0	3
2024.04.10	16:00:00	0.82080	0.82116	0.81694	0.81760	29025	0	48
2024.04.10	20:00:00	0.81760	0.81851	0.81679	0.81707	18155	0	2
2024.04.11	00:00:00	0.81705	0.81826	0.81649	0.81754	9439	0	4
2024.04.11	04:00:00	0.81753	0.81855	0.81744	0.81840	14781	0	4
2024.04.11	08:00:00	0.81841	0.81928	0.81809	0.81905	16107	0	48
2024.04.11	12:00:00	0.81905	0.82090	0.81730	0.82085	18360	0	48
2024.04.11	16:00:00	0.82085	0.82175	0.81876	0.81992	25909	0	48
2024.04.11	20:00:00	0.81991	0.82089	0.81949	0.82061	11216	0	3
2024.04.12	00:00:00	0.82036	0.82175	0.82027	0.82148	6897	0	6
2024.04.12	04:00:00	0.82149	0.82219	0.82128	0.82147	10349	0	4
2024.04.12	08:00:00	0.82147	0.82170	0.81913	0.82041	17696	0	5
2024.04.12	12:00:00	0.82041	0.82063	0.81837	0.81902	17595	0	6
2024.04.12	16:00:00	0.81901	0.81910	0.81682	0.81772	28324	0	48
2024.04.12	20:00:00	0.81773	0.81806	0.81706	0.81737	13531	0	13
2024.04.15	00:00:00	0.81850	0.81850	0.81661	0.81682	11209	0	5
2024.04.15	04:00:00	0.81679	0.81871	0.81649	0.81779	14296	0	5
2024.04.15	08:00:00	0.81779	0.81806	0.81522	0.81582	19972	0	48
2024.04.15	12:00:00	0.81585	0.81682	0.81440	0.81507	17997	0	48
2024.04.15	16:00:00	0.81506	0.81534	0.81307	0.81429	23551	0	48
2024.04.15	20:00:00	0.81431	0.81452	0.81312	0.81384	12538	0	1
2024.04.16	00:00:00	0.81360	0.81415	0.81234	0.81250	7336	0	3
2024.04.16	04:00:00	0.81251	0.81283	0.81076	0.81189	15617	0	48
2024.04.16	08:00:00	0.81189	0.81281	0.81178	0.81212	18761	0	5
2024.04.16	12:00:00	0.81213	0.81385	0.81034	0.81301	17323	0	4
2024.04.16	16:00:00	0.81302	0.81408	0.81222	0.81339	26749	0	48
2024.04.16	20:00:00	0.81338	0.81368	0.81215	0.81305	19221	0	1
2024.04.17	00:00:00	0.81295	0.81539	0.81020	0.81516	9127	0	3
2024.04.17	04:00:00	0.81520	0.81624	0.81452	0.81548	12273	0	4
2024.04.17	08:00:00	0.81548	0.81684	0.81466	0.81552	17668	0	5
2024.04.17	12:00:00	0.81553	0.81613	0.81485	0.81510	15543	0	3
2024.04.17	16:00:00	0.81509	0.81584	0.81390	0.81421	26721	0	48
2024.04.17	20:00:00	0.81421	0.81522	0.81414	0.81448	16515	0	2
2024.04.18	00:00:00	0.81298	0.81491	0.81269	0.81399	6775	0	4
2024.04.18	04:00:00	0.81403	0.81522	0.81377	0.81398	12766	0	4
2024.04.18	08:00:00	0.81401	0.81569	0.81342	0.81537	15692	0	48
2024.04.18	12:00:00	0.81538	0.81560	0.81429	0.81453	14928	0	48
2024.04.18	16:00:00	0.81453	0.81515	0.81297	0.81307	24239	0	48
2024.04.18	20:00:00	0.81309	0.81314	0.81198	0.81220	12699	0	1
2024.04.19	00:00:00	0.81189	0.81277	0.81174	0.81197	7638	0	5
2024.04.19	04:00:00	0.81199	0.81206	0.80756	0.81034	29042	0	49
2024.04.19	08:00:00	0.81031	0.81071	0.80964	0.81040	22284	0	4
2024.04.19	12:00:00	0.81041	0.81096	0.80945	0.81065	18752	0	48
2024.04.19	16:00:00	0.81064	0.81106	0.80918	0.80931	25702	0	48
2024.04.19	20:00:00	0.80931	0.80969	0.80893	0.80927	13764	0	8
2024.04.22	00:00:00	0.80800	0.81140	0.80761	0.81126	8426	0	5
2024.04.22	04:00:00	0.81126	0.81293	0.81113	0.81130	11495	0	5
2024.04.22	08:00:00	0.81130	0.81147	0.81031	0.81065	14563	0	48
2024.04.22	12:00:00	0.81064	0.81096	0.80986	0.81064	14832	0	48
2024.04.22	16:00:00	0.81065	0.81082	0.80943	0.81032	19332	0	48
2024.04.22	20:00:00	0.81032	0.81106	0.81015	0.81056	10353	0	1
2024.04.23	00:00:00	0.80937	0.81119	0.80913	0.81114	6360	0	3
2024.04.23	04:00:00	0.81114	0.81138	0.81016	0.81030	11031	0	6
2024.04.23	08:00:00	0.81031	0.81033	0.80899	0.80952	13846	0	7
2024.04.23	12:00:00	0.80952	0.81058	0.80905	0.80975	14116	0	3
2024.04.23	16:00:00	0.80974	0.81217	0.80958	0.81144	21857	0	48
2024.04.23	20:00:00	0.81144	0.81175	0.80983	0.81013	9622	0	0
2024.04.24	00:00:00	0.80962	0.81149	0.80895	0.81138	6596	0	4
2024.04.24	04:00:00	0.81139	0.81244	0.81091	0.81214	11714	0	5
2024.04.24	08:00:00	0.81215	0.81239	0.81111	0.81194	13460	0	5
2024.04.24	12:00:00	0.81194	0.81296	0.81132	0.81254	12136	0	3
2024.04.24	16:00:00	0.81255	0.81362	0.81219	0.81286	20177	0	48
2024.04.24	20:00:00	0.81285	0.81337	0.81224	0.81303	11865	0	2
2024.04.25	00:00:00	0.81172	0.81366	0.81158	0.81322	7076	0	3
2024.04.25	04:00:00	0.81322	0.81403	0.81262	0.81332	9669	0	8
2024.04.25	08:00:00	0.81337	0.81530	0.81294	0.81502	14083	0	4
2024.04.25	12:00:00	0.81502	0.81533	0.81243	0.81250	14853	0	3
2024.04.25	16:00:00	0.81249	0.81398	0.81196	0.81294	25333	0	48
2024.04.25	20:00:00	0.81295	0.81310	0.81189	0.81193	13140	0	3
2024.04.26	00:00:00	0.81140	0.81438	0.81061	0.81426	8279	0	5
2024.04.26	04:00:00	0.81426	0.81461	0.81276	0.81292	11730	0	8
2024.04.26	08:00:00	0.81292	0.81387	0.81248	0.81314	17293	0	4
2024.04.26	12:00:00	0.81315	0.81330	0.81178	0.81255	15976	0	48
2024.04.26	16:00:00	0.81254	0.81390	0.81151	0.81204	21708	0	48
2024.04.26	20:00:00	0.81203	0.81235	0.81125	0.81153	7539	0	4
2024.04.29	00:00:00	0.81350	0.81350	0.81086	0.81202	4271	0	4
2024.04.29	04:00:00	0.81203	0.81552	0.81202	0.81452	13817	0	1
2024.04.29	08:00:00	0.81451	0.81510	0.81349	0.81428	16718	0	3
2024.04.29	12:00:00	0.81429	0.81601	0.81410	0.81464	11158	0	3
2024.04.29	16:00:00	0.81462	0.81619	0.81447	0.81595	14953	0	48
2024.04.29	20:00:00	0.81597	0.81694	0.81591	0.81624	9326	0	1
2024.04.30	00:00:00	0.81624	0.81687	0.81418	0.81547	5534	0	3
2024.04.30	04:00:00	0.81547	0.81607	0.81333	0.81362	7876	0	6
2024.04.30	08:00:00	0.81363	0.81386	0.81201	0.81375	9926	0	3
2024.04.30	12:00:00	0.81374	0.81427	0.81179	0.81227	13206	0	3
2024.04.30	16:00:00	0.81228	0.81355	0.81179	0.81199	21356	0	48
2024.04.30	20:00:00	0.81198	0.81210	0.81050	0.81085	9163	0	1
2024.05.01	00:00:00	0.81130	0.81220	0.80888	0.81052	5987	0	3
2024.05.01	04:00:00	0.81053	0.81129	0.81021	0.81082	4698	0	4
2024.05.01	08:00:00	0.81080	0.81146	0.81001	0.81095	6973	0	2
2024.05.01	12:00:00	0.81096	0.81179	0.81050	0.81142	9646	0	3
2024.05.01	16:00:00	0.81143	0.81229	0.81067	0.81162	16168	0	48
2024.05.01	20:00:00	0.81161	0.81495	0.81129	0.81439	25579	0	34
2024.05.02	00:00:00	0.81430	0.81467	0.81109	0.81278	7406	0	3
2024.05.02	04:00:00	0.81278	0.81347	0.81212	0.81308	8046	0	4
2024.05.02	08:00:00	0.81309	0.81481	0.81301	0.81370	13965	0	6
2024.05.02	12:00:00	0.81370	0.81423	0.81249	0.81315	14431	0	51
2024.05.02	16:00:00	0.81315	0.81435	0.81169	0.81420	21660	0	51
2024.05.02	20:00:00	0.81419	0.81552	0.81397	0.81484	10236	0	2
2024.05.03	00:00:00	0.81488	0.81542	0.81299	0.81538	6545	0	3
2024.05.03	04:00:00	0.81537	0.81615	0.81474	0.81534	8273	0	1
2024.05.03	08:00:00	0.81534	0.81696	0.81497	0.81688	10999	0	10
2024.05.03	12:00:00	0.81686	0.82270	0.81654	0.82254	14867	0	2
2024.05.03	16:00:00	0.82253	0.82379	0.82158	0.82248	27734	0	51
2024.05.03	20:00:00	0.82249	0.82322	0.82207	0.82225	8168	0	6
2024.05.06	00:00:00	0.82230	0.82276	0.81996	0.82166	5404	0	1
2024.05.06	04:00:00	0.82166	0.82224	0.82039	0.82087	7587	0	3
2024.05.06	08:00:00	0.82086	0.82329	0.82063	0.82304	9305	0	3
2024.05.06	12:00:00	0.82304	0.82394	0.82268	0.82312	8522	0	3
2024.05.06	16:00:00	0.82312	0.82313	0.82036	0.82111	10839	0	6
2024.05.06	20:00:00	0.82111	0.82163	0.82048	0.82069	5645	0	0
2024.05.07	00:00:00	0.82050	0.82267	0.81968	0.82255	4961	0	3
2024.05.07	04:00:00	0.82255	0.82293	0.82119	0.82180	8282	0	5
2024.05.07	08:00:00	0.82180	0.82228	0.82101	0.82176	11252	0	3
2024.05.07	12:00:00	0.82176	0.82281	0.82108	0.82229	9822	0	3
2024.05.07	16:00:00	0.82229	0.82442	0.82212	0.82354	12580	0	8
2024.05.07	20:00:00	0.82355	0.82388	0.82324	0.82354	7794	0	1
2024.05.08	00:00:00	0.82235	0.82409	0.82174	0.82309	4373	0	4
2024.05.08	04:00:00	0.82310	0.82423	0.82245	0.82384	7037	0	5
2024.05.08	08:00:00	0.82383	0.82429	0.82250	0.82272	9293	0	4
2024.05.08	12:00:00	0.82272	0.82402	0.82252	0.82306	8610	0	3
2024.05.08	16:00:00	0.82306	0.82365	0.82231	0.82326	11849	0	6
2024.05.08	20:00:00	0.82326	0.82442	0.82316	0.82343	5206	0	0
2024.05.09	00:00:00	0.82321	0.82437	0.82209	0.82279	4289	0	3
2024.05.09	04:00:00	0.82279	0.82443	0.82276	0.82368	5741	0	4
2024.05.09	08:00:00	0.82369	0.82404	0.82257	0.82306	7681	0	3
2024.05.09	12:00:00	0.82305	0.82491	0.82282	0.82423	11515	0	5
2024.05.09	16:00:00	0.82426	0.82436	0.82334	0.82394	13364	0	3
2024.05.09	20:00:00	0.82394	0.82525	0.82389	0.82496	6764	0	0
2024.05.10	00:00:00	0.82324	0.82584	0.82289	0.82454	6473	0	4
2024.05.10	04:00:00	0.82453	0.82505	0.82290	0.82407	8166	0	4
2024.05.10	08:00:00	0.82406	0.82473	0.82285	0.82292	11664	0	3
2024.05.10	12:00:00	0.82293	0.82377	0.81935	0.82094	12041	0	6
2024.05.10	16:00:00	0.82094	0.82269	0.82094	0.82261	17435	0	51
2024.05.10	20:00:00	0.82260	0.82325	0.82239	0.82268	5527	0	0
2024.05.13	00:00:00	0.82101	0.82354	0.82042	0.82263	3108	0	3
2024.05.13	04:00:00	0.82263	0.82303	0.82092	0.82162	6411	0	5
2024.05.13	08:00:00	0.82161	0.82212	0.82117	0.82165	9701	0	6
2024.05.13	12:00:00	0.82166	0.82363	0.82161	0.82363	11811	0	2
2024.05.13	16:00:00	0.82364	0.82408	0.82231	0.82242	16208	0	6
2024.05.13	20:00:00	0.82243	0.82280	0.82180	0.82185	9313	0	1
2024.05.14	00:00:00	0.82201	0.82318	0.82122	0.82223	7443	0	3
2024.05.14	04:00:00	0.82223	0.82300	0.82187	0.82249	10235	0	7
2024.05.14	08:00:00	0.82249	0.82413	0.82221	0.82365	10703	0	3
2024.05.14	12:00:00	0.82367	0.82392	0.82027	0.82163	14287	0	3
2024.05.14	16:00:00	0.82164	0.82414	0.82132	0.82406	18174	0	51
2024.05.14	20:00:00	0.82408	0.82467	0.82392	0.82419	7453	0	1
2024.05.15	00:00:00	0.82268	0.82558	0.82233	0.82469	5085	0	3
2024.05.15	04:00:00	0.82470	0.82655	0.82453	0.82611	7660	0	3
2024.05.15	08:00:00	0.82612	0.82701	0.82566	0.82590	9259	0	4
2024.05.15	12:00:00	0.82589	0.82966	0.82535	0.82841	13337	0	1
2024.05.15	16:00:00	0.82841	0.83148	0.82678	0.83142	20876	0	51
2024.05.15	20:00:00	0.83141	0.83303	0.83141	0.83227	9025	0	1
2024.05.16	00:00:00	0.83234	0.83424	0.82983	0.83396	6744	0	3
2024.05.16	04:00:00	0.83396	0.83396	0.83217	0.83298	10955	0	5
2024.05.16	08:00:00	0.83298	0.83323	0.83191	0.83240	11081	0	2
2024.05.16	12:00:00	0.83241	0.83287	0.83140	0.83168	11362	0	2
2024.05.16	16:00:00	0.83168	0.83321	0.83081	0.83293	15290	0	1
2024.05.16	20:00:00	0.83293	0.83365	0.83266	0.83328	8154	0	0
2024.05.17	00:00:00	0.83176	0.83410	0.83150	0.83299	5407	0	2
2024.05.17	04:00:00	0.83298	0.83322	0.83193	0.83244	8820	0	2
2024.05.17	08:00:00	0.83245	0.83364	0.83220	0.83250	9829	0	1
2024.05.17	12:00:00	0.83251	0.83316	0.83215	0.83262	8070	0	1
2024.05.17	16:00:00	0.83264	0.83494	0.83243	0.83470	15324	0	1
2024.05.17	20:00:00	0.83469	0.83549	0.83447	0.83474	6427	0	0
2024.05.20	00:00:00	0.83352	0.83502	0.83347	0.83369	2924	0	2
2024.05.20	04:00:00	0.83371	0.83405	0.83277	0.83362	6093	0	3
2024.05.20	08:00:00	0.83363	0.83453	0.83251	0.83264	8232	0	2
2024.05.20	12:00:00	0.83264	0.83343	0.83074	0.83150	10698	0	1
2024.05.20	16:00:00	0.83148	0.83235	0.83106	0.83208	14997	0	1
2024.05.20	20:00:00	0.83208	0.83249	0.83145	0.83146	8137	0	0
2024.05.21	00:00:00	0.83148	0.83260	0.83076	0.83208	4877	0	3
2024.05.21	04:00:00	0.83209	0.83217	0.83047	0.83160	10927	0	2
2024.05.21	08:00:00	0.83161	0.83225	0.83094	0.83162	10339	0	3
2024.05.21	12:00:00	0.83162	0.83307	0.83042	0.83289	11347	0	1
2024.05.21	16:00:00	0.83288	0.83362	0.83116	0.83144	19144	0	48
2024.05.21	20:00:00	0.83145	0.83226	0.83134	0.83142	7464	0	0
2024.05.22	00:00:00	0.83109	0.83187	0.83010	0.83159	6752	0	2
2024.05.22	04:00:00	0.83159	0.83808	0.83114	0.83442	11779	0	3
2024.05.22	08:00:00	0.83443	0.83581	0.83419	0.83497	12125	0	3
2024.05.22	12:00:00	0.83499	0.83600	0.83443	0.83568	13607	0	1
2024.05.22	16:00:00	0.83571	0.83624	0.83407	0.83430	17949	0	48
2024.05.22	20:00:00	0.83431	0.83469	0.83269	0.83444	13618	0	0
2024.05.23	00:00:00	0.83459	0.83588	0.83289	0.83529	6358	0	3
2024.05.23	04:00:00	0.83530	0.83739	0.83515	0.83694	10850	0	2
2024.05.23	08:00:00	0.83695	0.83716	0.83528	0.83609	13372	0	4
2024.05.23	12:00:00	0.83608	0.83778	0.83581	0.83717	12255	0	1
2024.05.23	16:00:00	0.83717	0.83758	0.83502	0.83693	24338	0	48
2024.05.23	20:00:00	0.83694	0.83771	0.83664	0.83697	13990	0	0
2024.05.24	00:00:00	0.83624	0.83769	0.83604	0.83663	6404	0	2
2024.05.24	04:00:00	0.83663	0.83761	0.83583	0.83725	9829	0	0
2024.05.24	08:00:00	0.83724	0.83778	0.83644	0.83755	11459	0	1
2024.05.24	12:00:00	0.83755	0.83818	0.83720	0.83770	11694	0	1
2024.05.24	16:00:00	0.83770	0.83779	0.83532	0.83532	18592	0	2
2024.05.24	20:00:00	0.83533	0.83691	0.83525	0.83605	8452	0	0
2024.05.27	00:00:00	0.83343	0.83691	0.83343	0.83653	6217	0	1
2024.05.27	04:00:00	0.83652	0.83782	0.83649	0.83743	6860	0	2
2024.05.27	08:00:00	0.83743	0.83800	0.83664	0.83780	7474	0	1
2024.05.27	12:00:00	0.83782	0.83900	0.83776	0.83890	9065	0	1
2024.05.27	16:00:00	0.83890	0.83890	0.83785	0.83800	8726	0	1
2024.05.27	20:00:00	0.83799	0.83874	0.83701	0.83739	3289	0	1
2024.05.28	00:00:00	0.83777	0.83901	0.83676	0.83870	5795	0	3
2024.05.28	04:00:00	0.83871	0.83953	0.83843	0.83868	9931	0	2
2024.05.28	08:00:00	0.83891	0.83988	0.83851	0.83927	10944	0	2
2024.05.28	12:00:00	0.83927	0.83984	0.83882	0.83973	11130	0	1
2024.05.28	16:00:00	0.83971	0.84030	0.83829	0.83838	18548	0	48
2024.05.28	20:00:00	0.83839	0.83849	0.83760	0.83769	12297	0	0
2024.05.29	00:00:00	0.83769	0.83836	0.83682	0.83748	7182	0	3
2024.05.29	04:00:00	0.83747	0.83886	0.83713	0.83736	10454	0	2
2024.05.29	08:00:00	0.83736	0.83865	0.83701	0.83817	13181	0	4
2024.05.29	12:00:00	0.83816	0.83857	0.83704	0.83835	13227	0	1
2024.05.29	16:00:00	0.83836	0.83909	0.83760	0.83823	21373	0	48
2024.05.29	20:00:00	0.83823	0.83894	0.83801	0.83843	11057	0	0
2024.05.30	00:00:00	0.83831	0.83886	0.83733	0.83755	6038	0	2
2024.05.30	04:00:00	0.83756	0.83816	0.83706	0.83748	10787	0	3
2024.05.30	08:00:00	0.83747	0.83759	0.83585	0.83741	14894	0	3
2024.05.30	12:00:00	0.83741	0.83795	0.83654	0.83762	15346	0	48
2024.05.30	16:00:00	0.83763	0.83826	0.83647	0.83709	20259	0	48
2024.05.30	20:00:00	0.83709	0.83744	0.83598	0.83603	10394	0	0
2024.05.31	00:00:00	0.83545	0.83775	0.83545	0.83769	6761	0	3
2024.05.31	04:00:00	0.83770	0.83821	0.83678	0.83697	13197	0	2
2024.05.31	08:00:00	0.83696	0.83778	0.83597	0.83653	13437	0	48
2024.05.31	12:00:00	0.83652	0.83912	0.83579	0.83906	15885	0	2
2024.05.31	16:00:00	0.83905	0.83968	0.83640	0.83676	24171	0	48
2024.05.31	20:00:00	0.83678	0.83760	0.83602	0.83686	12144	0	1
2024.06.03	00:00:00	0.83610	0.83758	0.83471	0.83724	7759	0	3
2024.06.03	04:00:00	0.83723	0.83811	0.83690	0.83749	10108	0	1
2024.06.03	08:00:00	0.83749	0.83899	0.83669	0.83834	14378	0	4
2024.06.03	12:00:00	0.83835	0.84002	0.83790	0.83906	15301	0	48
2024.06.03	16:00:00	0.83908	0.84265	0.83890	0.84234	25854	0	48
2024.06.03	20:00:00	0.84234	0.84390	0.84206	0.84352	13935	0	2
2024.06.04	00:00:00	0.84360	0.84408	0.84299	0.84317	6714	0	1
2024.06.04	04:00:00	0.84317	0.84458	0.84249	0.84413	10168	0	3
2024.06.04	08:00:00	0.84412	0.84484	0.84301	0.84386	16938	0	1
2024.06.04	12:00:00	0.84386	0.84411	0.84286	0.84394	18777	0	48
2024.06.04	16:00:00	0.84393	0.84532	0.84306	0.84446	25662	0	48
2024.06.04	20:00:00	0.84446	0.84530	0.84428	0.84435	14120	0	0
2024.06.05	00:00:00	0.84442	0.84540	0.84365	0.84506	6588	0	3
2024.06.05	04:00:00	0.84507	0.84606	0.84461	0.84576	10783	0	3
2024.06.05	08:00:00	0.84575	0.84701	0.84445	0.84588	14284	0	3
2024.06.05	12:00:00	0.84588	0.84629	0.84474	0.84565	13969	0	1
2024.06.05	16:00:00	0.84567	0.84851	0.84539	0.84696	23542	0	1
2024.06.05	20:00:00	0.84696	0.84780	0.84684	0.84764	9302	0	0
2024.06.06	00:00:00	0.84764	0.84878	0.84681	0.84871	5795	0	0
2024.06.06	04:00:00	0.84872	0.84926	0.84697	0.84714	10873	0	2
2024.06.06	08:00:00	0.84715	0.84735	0.84569	0.84680	11921	0	4
2024.06.06	12:00:00	0.84681	0.84747	0.84577	0.84642	13543	0	1
2024.06.06	16:00:00	0.84644	0.84809	0.84606	0.84755	18975	0	1
2024.06.06	20:00:00	0.84755	0.84796	0.84476	0.84663	10623	0	0
2024.06.07	00:00:00	0.84624	0.84760	0.84557	0.84648	5571	0	3
2024.06.07	04:00:00	0.84644	0.84752	0.84572	0.84676	9916	0	2
2024.06.07	08:00:00	0.84676	0.84734	0.84618	0.84709	15784	0	2
2024.06.07	12:00:00	0.84709	0.84726	0.84173	0.84205	18310	0	1
2024.06.07	16:00:00	0.84205	0.84221	0.83924	0.83985	24357	0	48
2024.06.07	20:00:00	0.83985	0.84032	0.83944	0.83973	11701	0	3
2024.06.10	00:00:00	0.83900	0.84030	0.83900	0.83959	7721	0	4
2024.06.10	04:00:00	0.83960	0.84083	0.83938	0.84057	8947	0	2
2024.06.10	08:00:00	0.84057	0.84186	0.83988	0.84110	14238	0	6
2024.06.10	12:00:00	0.84109	0.84170	0.84045	0.84062	14913	0	48
2024.06.10	16:00:00	0.84062	0.84247	0.84055	0.84217	17994	0	48
2024.06.10	20:00:00	0.84218	0.84317	0.84181	0.84278	12229	0	0
2024.06.11	00:00:00	0.84280	0.84373	0.84225	0.84320	6608	0	2
2024.06.11	04:00:00	0.84319	0.84322	0.84198	0.84229	10233	0	3
2024.06.11	08:00:00	0.84229	0.84326	0.84217	0.84307	13594	0	4
2024.06.11	12:00:00	0.84307	0.84402	0.84290	0.84402	17046	0	48
2024.06.11	16:00:00	0.84403	0.84435	0.84316	0.84404	18491	0	48
2024.06.11	20:00:00	0.84404	0.84537	0.84403	0.84492	10863	0	0
2024.06.12	00:00:00	0.84394	0.84555	0.84371	0.84423	5336	0	2
2024.06.12	04:00:00	0.84421	0.84507	0.84403	0.84451	9225	0	2
2024.06.12	08:00:00	0.84451	0.84518	0.84377	0.84441	11131	0	1
2024.06.12	12:00:00	0.84441	0.85011	0.84376	0.84987	15575	0	1
2024.06.12	16:00:00	0.84988	0.85163	0.84922	0.85036	23927	0	5
2024.06.12	20:00:00	0.85037	0.85133	0.84761	0.84852	23243	0	3
2024.06.13	00:00:00	0.84714	0.84881	0.84657	0.84832	5899	0	2
2024.06.13	04:00:00	0.84832	0.84881	0.84729	0.84740	9432	0	2
2024.06.13	08:00:00	0.84740	0.84851	0.84706	0.84843	12918	0	1
2024.06.13	12:00:00	0.84843	0.84997	0.84745	0.84848	16099	0	48
2024.06.13	16:00:00	0.84849	0.84878	0.84718	0.84721	22689	0	48
2024.06.13	20:00:00	0.84720	0.84827	0.84695	0.84734	11525	0	0
2024.06.14	00:00:00	0.84713	0.84758	0.84500	0.84507	6392	0	3
2024.06.14	04:00:00	0.84506	0.84612	0.84484	0.84501	13762	0	2
2024.06.14	08:00:00	0.84503	0.84519	0.84332	0.84370	17794	0	5
2024.06.14	12:00:00	0.84370	0.84416	0.84240	0.84354	22073	0	48
2024.06.14	16:00:00	0.84355	0.84384	0.84236	0.84303	21903	0	48
2024.06.14	20:00:00	0.84304	0.84360	0.84259	0.84289	9334	0	0
2024.06.17	00:00:00	0.84150	0.84319	0.84011	0.84187	8252	0	2
2024.06.17	04:00:00	0.84188	0.84234	0.84132	0.84143	9309	0	3
2024.06.17	08:00:00	0.84142	0.84159	0.83937	0.84091	15836	0	4
2024.06.17	12:00:00	0.84090	0.84141	0.83936	0.83973	15251	0	5
2024.06.17	16:00:00	0.83972	0.84134	0.83971	0.84095	16890	0	48
2024.06.17	20:00:00	0.84095	0.84156	0.84080	0.84110	9967	0	0
2024.06.18	00:00:00	0.84051	0.84185	0.83918	0.84151	7458	0	1
2024.06.18	04:00:00	0.84151	0.84185	0.83986	0.84017	12111	0	3
2024.06.18	08:00:00	0.84014	0.84087	0.83790	0.83936	15561	0	48
2024.06.18	12:00:00	0.83935	0.83981	0.83820	0.83951	15411	0	1
2024.06.18	16:00:00	0.83951	0.84320	0.83947	0.84270	21183	0	47
2024.06.18	20:00:00	0.84270	0.84307	0.84204	0.84250	11802	0	0
2024.06.19	00:00:00	0.84213	0.84279	0.84118	0.84199	5476	0	1
2024.06.19	04:00:00	0.84200	0.84222	0.84101	0.84117	6866	0	0
2024.06.19	08:00:00	0.84117	0.84200	0.84082	0.84171	13048	0	2
2024.06.19	12:00:00	0.84169	0.84202	0.84021	0.84052	12257	0	2
2024.06.19	16:00:00	0.84052	0.84095	0.83984	0.84047	8645	0	2
2024.06.19	20:00:00	0.84047	0.84062	0.83978	0.83998	3538	0	0
2024.06.20	00:00:00	0.83901	0.84240	0.83842	0.84058	7472	0	3
2024.06.20	04:00:00	0.84058	0.84126	0.83977	0.84080	10919	0	0
2024.06.20	08:00:00	0.84081	0.84104	0.83978	0.84024	11475	0	2
2024.06.20	12:00:00	0.84022	0.84066	0.83867	0.83891	14541	0	2
2024.06.20	16:00:00	0.83894	0.83941	0.83724	0.83762	20250	0	48
2024.06.20	20:00:00	0.83762	0.83849	0.83724	0.83726	12696	0	4
2024.06.21	00:00:00	0.83711	0.83798	0.83650	0.83697	5551	0	4
2024.06.21	04:00:00	0.83697	0.83787	0.83694	0.83763	8898	0	5
2024.06.21	08:00:00	0.83763	0.83877	0.83725	0.83862	14029	0	6
2024.06.21	12:00:00	0.83861	0.83968	0.83814	0.83949	16084	0	15
2024.06.21	16:00:00	0.83950	0.83950	0.83730	0.83831	20159	0	16
2024.06.21	20:00:00	0.83832	0.83863	0.83734	0.83745	9166	0	14
2024.06.24	00:00:00	0.83585	0.83751	0.83585	0.83699	7453	0	5
2024.06.24	04:00:00	0.83698	0.83713	0.83657	0.83677	10324	0	15
2024.06.24	08:00:00	0.83676	0.83797	0.83656	0.83784	11793	0	14
2024.06.24	12:00:00	0.83784	0.83793	0.83658	0.83742	16624	0	15
2024.06.24	16:00:00	0.83741	0.83863	0.83568	0.83598	16772	0	15
2024.06.24	20:00:00	0.83599	0.83680	0.83574	0.83596	10122	0	15
2024.06.25	00:00:00	0.83613	0.83641	0.83365	0.83552	7056	0	11
2024.06.25	04:00:00	0.83552	0.83605	0.83468	0.83518	9707	0	15
2024.06.25	08:00:00	0.83517	0.83662	0.83509	0.83609	11998	0	14
2024.06.25	12:00:00	0.83608	0.83721	0.83347	0.83518	13457	0	48
2024.06.25	16:00:00	0.83516	0.83541	0.83384	0.83464	18873	0	48
2024.06.25	20:00:00	0.83464	0.83589	0.83463	0.83561	9755	0	2
2024.06.26	00:00:00	0.83569	0.83582	0.83290	0.83554	6201	0	4
2024.06.26	04:00:00	0.83553	0.83623	0.83419	0.83446	12541	0	3
2024.06.26	08:00:00	0.83447	0.83567	0.83423	0.83428	13345	0	15
2024.06.26	12:00:00	0.83427	0.83453	0.83294	0.83294	15479	0	15
2024.06.26	16:00:00	0.83292	0.83373	0.83198	0.83257	19734	0	48
2024.06.26	20:00:00	0.83257	0.83370	0.83219	0.83297	11065	0	1
2024.06.27	00:00:00	0.83308	0.83391	0.83125	0.83185	7535	0	3
2024.06.27	04:00:00	0.83185	0.83357	0.83182	0.83316	10446	0	16
2024.06.27	08:00:00	0.83317	0.83446	0.83303	0.83406	16766	0	8
2024.06.27	12:00:00	0.83405	0.83586	0.83392	0.83554	23167	0	8
2024.06.27	16:00:00	0.83554	0.83563	0.83327	0.83348	27294	0	8
2024.06.27	20:00:00	0.83348	0.83349	0.83280	0.83311	13160	0	8
2024.06.28	00:00:00	0.83300	0.83369	0.83280	0.83320	7816	0	8
2024.06.28	04:00:00	0.83321	0.83348	0.83180	0.83197	19384	0	8
2024.06.28	08:00:00	0.83198	0.83238	0.83120	0.83211	18573	0	7
2024.06.28	12:00:00	0.83213	0.83467	0.83187	0.83463	24160	0	7
2024.06.28	16:00:00	0.83462	0.83533	0.83325	0.83355	38201	0	7
2024.06.28	20:00:00	0.83353	0.83417	0.83292	0.83314	16398	0	7
2024.07.01	00:00:00	0.83309	0.83441	0.83185	0.83385	11098	0	8
2024.07.01	04:00:00	0.83384	0.83422	0.83349	0.83367	14074	0	8
2024.07.01	08:00:00	0.83365	0.83487	0.83352	0.83456	19361	0	8
2024.07.01	12:00:00	0.83456	0.83470	0.83344	0.83403	18873	0	8
2024.07.01	16:00:00	0.83404	0.83586	0.83332	0.83414	30311	0	7
2024.07.01	20:00:00	0.83415	0.83476	0.83393	0.83427	10952	0	8
2024.07.02	00:00:00	0.83351	0.83465	0.83209	0.83211	8475	0	8
2024.07.02	04:00:00	0.83212	0.83272	0.83161	0.83249	12652	0	8
2024.07.02	08:00:00	0.83250	0.83280	0.83114	0.83164	18138	0	8
2024.07.02	12:00:00	0.83164	0.83243	0.83107	0.83196	16836	0	8
2024.07.02	16:00:00	0.83192	0.83319	0.83071	0.83134	32780	0	8
2024.07.02	20:00:00	0.83131	0.83159	0.83094	0.83119	11654	0	8
2024.07.03	00:00:00	0.83079	0.83200	0.83076	0.83178	9270	0	8
2024.07.03	04:00:00	0.83177	0.83202	0.83114	0.83132	10444	0	8
2024.07.03	08:00:00	0.83132	0.83173	0.83085	0.83105	15439	0	8
2024.07.03	12:00:00	0.83107	0.83110	0.82924	0.83039	18050	0	8
2024.07.03	16:00:00	0.83038	0.83458	0.83013	0.83310	35123	0	7
2024.07.03	20:00:00	0.83309	0.83310	0.83123	0.83191	8137	0	8
2024.07.04	00:00:00	0.83154	0.83329	0.83116	0.83326	5869	0	8
2024.07.04	04:00:00	0.83329	0.83366	0.83268	0.83285	10357	0	8
2024.07.04	08:00:00	0.83284	0.83341	0.83266	0.83324	12336	0	8
2024.07.04	12:00:00	0.83326	0.83386	0.83257	0.83273	10749	0	8
2024.07.04	16:00:00	0.83274	0.83322	0.83243	0.83270	10312	0	8
2024.07.04	20:00:00	0.83270	0.83277	0.83112	0.83216	1551	0	10
2024.07.05	00:00:00	0.83227	0.83278	0.83173	0.83242	7194	0	8
2024.07.05	04:00:00	0.83243	0.83323	0.83237	0.83262	11580	0	8
2024.07.05	08:00:00	0.83261	0.83309	0.83194	0.83262	14511	0	8
2024.07.05	12:00:00	0.83264	0.83647	0.83172	0.83486	27545	0	8
2024.07.05	16:00:00	0.83485	0.83693	0.83466	0.83652	36134	0	8
2024.07.05	20:00:00	0.83653	0.83846	0.83646	0.83817	10858	0	8
2024.07.08	00:00:00	0.83655	0.83854	0.83649	0.83720	9493	0	8
2024.07.08	04:00:00	0.83721	0.83861	0.83713	0.83830	12252	0	8
2024.07.08	08:00:00	0.83829	0.83832	0.83637	0.83645	16808	0	8
2024.07.08	12:00:00	0.83643	0.83707	0.83607	0.83666	14277	0	8
2024.07.08	16:00:00	0.83668	0.83748	0.83583	0.83588	21744	0	8
2024.07.08	20:00:00	0.83589	0.83620	0.83493	0.83496	7568	0	7
2024.07.09	00:00:00	0.83441	0.83586	0.83400	0.83511	5359	0	8
2024.07.09	04:00:00	0.83510	0.83553	0.83434	0.83505	10569	0	8
2024.07.09	08:00:00	0.83504	0.83526	0.83402	0.83411	13733	0	8
2024.07.09	12:00:00	0.83411	0.83468	0.83396	0.83453	14154	0	8
2024.07.09	16:00:00	0.83452	0.83606	0.83382	0.83462	26449	0	8
2024.07.09	20:00:00	0.83461	0.83520	0.83456	0.83504	10849	0	7
2024.07.10	00:00:00	0.83494	0.83571	0.83372	0.83515	4695	0	8
2024.07.10	04:00:00	0.83516	0.83568	0.82831	0.83037	16166	0	8
2024.07.10	08:00:00	0.83036	0.83090	0.82735	0.82780	14218	0	8
2024.07.10	12:00:00	0.82780	0.82909	0.82728	0.82808	13668	0	8
2024.07.10	16:00:00	0.82807	0.82920	0.82757	0.82812	21405	0	8
2024.07.10	20:00:00	0.82814	0.82844	0.82752	0.82816	9130	0	8
2024.07.11	00:00:00	0.82783	0.82955	0.82760	0.82933	5420	0	8
2024.07.11	04:00:00	0.82932	0.83039	0.82851	0.83029	8315	0	8
2024.07.11	08:00:00	0.83028	0.83058	0.82980	0.83033	13052	0	8
2024.07.11	12:00:00	0.83033	0.83372	0.82866	0.83323	27230	0	8
2024.07.11	16:00:00	0.83325	0.83398	0.83115	0.83194	47681	0	8
2024.07.11	20:00:00	0.83195	0.83218	0.83068	0.83078	17709	0	7
2024.07.12	00:00:00	0.83048	0.83119	0.82886	0.82899	15945	0	8
2024.07.12	04:00:00	0.82901	0.83119	0.82838	0.83096	14785	0	8
2024.07.12	08:00:00	0.83097	0.83180	0.83044	0.83171	15421	0	8
2024.07.12	12:00:00	0.83173	0.83364	0.83079	0.83318	25757	0	8
2024.07.12	16:00:00	0.83319	0.83464	0.83318	0.83349	33687	0	8
2024.07.12	20:00:00	0.83350	0.83452	0.83343	0.83418	9508	0	8
2024.07.15	00:00:00	0.83298	0.83340	0.83154	0.83257	13083	0	8
2024.07.15	04:00:00	0.83258	0.83298	0.83161	0.83293	11143	0	8
2024.07.15	08:00:00	0.83291	0.83323	0.83117	0.83158	15888	0	8
2024.07.15	12:00:00	0.83157	0.83170	0.82993	0.83070	18467	0	8
2024.07.15	16:00:00	0.83071	0.83316	0.83065	0.83224	28101	0	8
2024.07.15	20:00:00	0.83225	0.83230	0.83031	0.83092	17242	0	8
2024.07.16	00:00:00	0.83073	0.83117	0.82942	0.82958	7902	0	8
2024.07.16	04:00:00	0.82959	0.82998	0.82809	0.82837	10608	0	8
2024.07.16	08:00:00	0.82838	0.82973	0.82785	0.82902	16451	0	8
2024.07.16	12:00:00	0.82901	0.83045	0.82767	0.82857	21783	0	8
2024.07.16	16:00:00	0.82857	0.82866	0.82630	0.82637	27603	0	8
2024.07.16	20:00:00	0.82638	0.82746	0.82632	0.82710	9537	0	8
2024.07.17	00:00:00	0.82621	0.83149	0.82509	0.83104	14830	0	8
2024.07.17	04:00:00	0.83103	0.83176	0.82941	0.82962	10217	0	8
2024.07.17	08:00:00	0.82963	0.83242	0.82944	0.83223	25062	0	8
2024.07.17	12:00:00	0.83222	0.83294	0.83113	0.83194	20141	0	8
2024.07.17	16:00:00	0.83193	0.83229	0.83019	0.83140	32697	0	8
2024.07.17	20:00:00	0.83138	0.83232	0.83116	0.83216	13590	0	8
2024.07.18	00:00:00	0.83115	0.83228	0.83042	0.83090	8951	0	8
2024.07.18	04:00:00	0.83091	0.83192	0.83003	0.83051	15754	0	8
2024.07.18	08:00:00	0.83050	0.83137	0.82974	0.83008	20826	0	8
2024.07.18	12:00:00	0.83007	0.83107	0.82965	0.83084	17864	0	8
2024.07.18	16:00:00	0.83083	0.83170	0.83018	0.83024	31966	0	8
2024.07.18	20:00:00	0.83023	0.83039	0.82833	0.82835	16446	0	7
2024.07.19	00:00:00	0.82813	0.82889	0.82705	0.82708	9759	0	8
2024.07.19	04:00:00	0.82708	0.82724	0.82536	0.82545	13732	0	8
2024.07.19	08:00:00	0.82546	0.82780	0.82534	0.82655	20474	0	8
2024.07.19	12:00:00	0.82655	0.82668	0.82540	0.82604	19297	0	8
2024.07.19	16:00:00	0.82604	0.82757	0.82555	0.82557	29304	0	8
2024.07.19	20:00:00	0.82556	0.82562	0.82457	0.82481	13788	0	8
2024.07.22	00:00:00	0.82428	0.82624	0.82406	0.82474	11296	0	8
2024.07.22	04:00:00	0.82472	0.82537	0.82286	0.82295	16478	0	8
2024.07.22	08:00:00	0.82294	0.82467	0.82279	0.82452	19245	0	8
2024.07.22	12:00:00	0.82452	0.82514	0.82293	0.82309	17505	0	8
2024.07.22	16:00:00	0.82309	0.82325	0.82129	0.82130	26668	0	7
2024.07.22	20:00:00	0.82129	0.82249	0.82129	0.82238	9560	0	8
2024.07.23	00:00:00	0.82125	0.82272	0.82125	0.82144	8370	0	8
2024.07.23	04:00:00	0.82145	0.82218	0.82110	0.82111	12821	0	8
2024.07.23	08:00:00	0.82112	0.82175	0.82057	0.82099	17186	0	8
2024.07.23	12:00:00	0.82098	0.82108	0.81982	0.82008	17148	0	8
2024.07.23	16:00:00	0.82007	0.82049	0.81939	0.81954	21775	0	7
2024.07.23	20:00:00	0.81955	0.82097	0.81952	0.82088	11842	0	7
2024.07.24	00:00:00	0.82016	0.82103	0.81916	0.81930	8065	0	8
2024.07.24	04:00:00	0.81932	0.81973	0.81584	0.81645	15112	0	8
2024.07.24	08:00:00	0.81645	0.81849	0.81644	0.81737	20106	0	8
2024.07.24	12:00:00	0.81737	0.81970	0.81729	0.81957	17712	0	8
2024.07.24	16:00:00	0.81957	0.82047	0.81831	0.81971	31938	0	8
2024.07.24	20:00:00	0.81971	0.81988	0.81820	0.81863	14952	0	8
2024.07.25	00:00:00	0.81839	0.81887	0.81712	0.81754	11610	0	8
2024.07.25	04:00:00	0.81754	0.81863	0.81698	0.81711	16641	0	8
2024.07.25	08:00:00	0.81712	0.81897	0.81691	0.81739	26612	0	8
2024.07.25	12:00:00	0.81739	0.81772	0.81391	0.81528	30200	0	8
2024.07.25	16:00:00	0.81529	0.81629	0.81407	0.81504	39953	0	8
2024.07.25	20:00:00	0.81505	0.81521	0.81333	0.81356	20087	0	8
2024.07.26	00:00:00	0.81297	0.81400	0.81284	0.81348	9269	0	8
2024.07.26	04:00:00	0.81348	0.81410	0.81285	0.81338	12374	0	8
2024.07.26	08:00:00	0.81337	0.81529	0.81337	0.81506	15373	0	8
2024.07.26	12:00:00	0.81508	0.81540	0.81346	0.81474	17601	0	8
2024.07.26	16:00:00	0.81473	0.81599	0.81444	0.81524	28552	0	8
2024.07.26	20:00:00	0.81524	0.81533	0.81426	0.81463	13388	0	8
2024.07.29	00:00:00	0.81416	0.81518	0.81398	0.81494	9614	0	8
2024.07.29	04:00:00	0.81493	0.81537	0.81359	0.81369	13561	0	8
2024.07.29	08:00:00	0.81368	0.81448	0.81310	0.81368	16358	0	8
2024.07.29	12:00:00	0.81369	0.81430	0.81214	0.81216	13821	0	8
2024.07.29	16:00:00	0.81218	0.81422	0.81172	0.81408	25095	0	8
2024.07.29	20:00:00	0.81409	0.81426	0.81355	0.81383	11395	0	8
2024.07.30	00:00:00	0.81216	0.81472	0.81216	0.81415	8027	0	8
2024.07.30	04:00:00	0.81416	0.81588	0.81337	0.81553	12996	0	8
2024.07.30	08:00:00	0.81550	0.81699	0.81531	0.81605	16774	0	8
2024.07.30	12:00:00	0.81606	0.81615	0.81526	0.81606	12960	0	8
2024.07.30	16:00:00	0.81608	0.81724	0.81570	0.81686	30297	0	8
2024.07.30	20:00:00	0.81687	0.81772	0.81657	0.81739	15552	0	8
2024.07.31	00:00:00	0.81739	0.81799	0.81578	0.81782	10476	0	8
2024.07.31	04:00:00	0.81782	0.82043	0.81593	0.81774	23554	0	8
2024.07.31	08:00:00	0.81773	0.82018	0.81657	0.81890	25122	0	8
2024.07.31	12:00:00	0.81893	0.82001	0.81828	0.81935	25406	0	8
2024.07.31	16:00:00	0.81935	0.82157	0.81932	0.82072	33430	0	8
2024.07.31	20:00:00	0.82072	0.82229	0.81968	0.82129	34984	0	8
2024.08.01	00:00:00	0.82054	0.82288	0.82023	0.82270	11502	0	8
2024.08.01	04:00:00	0.82268	0.82319	0.82134	0.82191	24392	0	8
2024.08.01	08:00:00	0.82191	0.82265	0.82097	0.82144	25991	0	8
2024.08.01	12:00:00	0.82143	0.82316	0.82109	0.82280	27049	0	8
2024.08.01	16:00:00	0.82280	0.82573	0.82195	0.82508	40669	0	8
2024.08.01	20:00:00	0.82509	0.82570	0.82476	0.82519	21715	0	8
2024.08.02	00:00:00	0.82431	0.82513	0.82350	0.82409	14612	0	8
2024.08.02	04:00:00	0.82408	0.82530	0.82390	0.82490	18559	0	7
2024.08.02	08:00:00	0.82491	0.82590	0.82450	0.82489	29094	0	7
2024.08.02	12:00:00	0.82490	0.82876	0.82457	0.82717	40586	0	8
2024.08.02	16:00:00	0.82718	0.82842	0.82591	0.82659	57033	0	8
2024.08.02	20:00:00	0.82661	0.82722	0.82615	0.82638	22609	0	8
2024.08.05	00:00:00	0.82459	0.82679	0.82419	0.82588	26326	0	8
2024.08.05	04:00:00	0.82589	0.82617	0.82325	0.82466	38085	0	8
2024.08.05	08:00:00	0.82466	0.82478	0.81573	0.82233	69996	0	8
2024.08.05	12:00:00	0.82231	0.82390	0.82057	0.82076	47046	0	8
2024.08.05	16:00:00	0.82077	0.82499	0.81908	0.82022	85309	0	8
2024.08.05	20:00:00	0.82021	0.82138	0.81960	0.82091	31616	0	8
2024.08.06	00:00:00	0.81929	0.82552	0.81907	0.82411	23291	0	8
2024.08.06	04:00:00	0.82414	0.82443	0.81848	0.81940	28341	0	8
2024.08.06	08:00:00	0.81941	0.82076	0.81813	0.82039	42273	0	8
2024.08.06	12:00:00	0.82035	0.82040	0.81841	0.81843	38476	0	8
2024.08.06	16:00:00	0.81844	0.82165	0.81838	0.82090	52425	0	8
2024.08.06	20:00:00	0.82087	0.82107	0.81965	0.82044	26379	0	8
2024.08.07	00:00:00	0.81999	0.82642	0.81907	0.82622	18249	0	8
2024.08.07	04:00:00	0.82623	0.82843	0.82599	0.82741	30590	0	8
2024.08.07	08:00:00	0.82742	0.82875	0.82676	0.82727	30140	0	8
2024.08.07	12:00:00	0.82728	0.82806	0.82668	0.82720	24320	0	8
2024.08.07	16:00:00	0.82721	0.82763	0.82463	0.82518	34204	0	8
2024.08.07	20:00:00	0.82517	0.82517	0.82339	0.82457	26607	0	8
2024.08.08	00:00:00	0.82317	0.82464	0.82294	0.82387	15221	0	8
2024.08.08	04:00:00	0.82388	0.82502	0.82241	0.82407	25271	0	8
2024.08.08	08:00:00	0.82405	0.82462	0.82314	0.82357	27062	0	8
2024.08.08	12:00:00	0.82356	0.82452	0.82221	0.82263	34577	0	8
2024.08.08	16:00:00	0.82263	0.82530	0.82243	0.82399	44319	0	8
2024.08.08	20:00:00	0.82401	0.82593	0.82397	0.82557	18431	0	8
2024.08.09	00:00:00	0.82327	0.82598	0.82327	0.82529	11755	0	8
2024.08.09	04:00:00	0.82529	0.82820	0.82523	0.82773	22171	0	8
2024.08.09	08:00:00	0.82774	0.82847	0.82664	0.82743	26062	0	8
2024.08.09	12:00:00	0.82742	0.82744	0.82533	0.82546	22617	0	8
2024.08.09	16:00:00	0.82545	0.82661	0.82407	0.82452	32113	0	8
2024.08.09	20:00:00	0.82452	0.82466	0.82324	0.82354	15576	0	8
2024.08.12	00:00:00	0.82350	0.82560	0.82234	0.82519	9562	0	8
2024.08.12	04:00:00	0.82521	0.82608	0.82500	0.82565	12170	0	8
2024.08.12	08:00:00	0.82564	0.82756	0.82463	0.82717	15826	0	8
2024.08.12	12:00:00	0.82717	0.82814	0.82672	0.82716	14119	0	8
2024.08.12	16:00:00	0.82717	0.82815	0.82651	0.82656	29679	0	8
2024.08.12	20:00:00	0.82657	0.82759	0.82638	0.82759	16692	0	8
2024.08.13	00:00:00	0.82638	0.82813	0.82600	0.82790	10057	0	8
2024.08.13	04:00:00	0.82790	0.82926	0.82726	0.82901	14614	0	8
2024.08.13	08:00:00	0.82900	0.82996	0.82846	0.82929	17333	0	8
2024.08.13	12:00:00	0.82929	0.83140	0.82885	0.83091	24184	0	8
2024.08.13	16:00:00	0.83090	0.83287	0.83038	0.83263	33773	0	8
2024.08.13	20:00:00	0.83262	0.83378	0.83107	0.83111	17953	0	8
2024.08.14	00:00:00	0.83101	0.83397	0.83087	0.83346	12873	0	8
2024.08.14	04:00:00	0.83345	0.83345	0.82356	0.82396	26647	0	8
2024.08.14	08:00:00	0.82398	0.82558	0.82323	0.82409	18029	0	8
2024.08.14	12:00:00	0.82410	0.82614	0.82343	0.82446	23542	0	8
2024.08.14	16:00:00	0.82445	0.82565	0.82353	0.82432	31503	0	8
2024.08.14	20:00:00	0.82433	0.82447	0.82215	0.82215	13842	0	8
2024.08.15	00:00:00	0.82209	0.82315	0.82190	0.82230	9475	0	8
2024.08.15	04:00:00	0.82229	0.82367	0.82104	0.82319	20156	0	8
2024.08.15	08:00:00	0.82318	0.82389	0.82230	0.82236	12676	0	8
2024.08.15	12:00:00	0.82237	0.82411	0.82080	0.82163	23556	0	8
2024.08.15	16:00:00	0.82165	0.82370	0.82051	0.82260	32148	0	8
2024.08.15	20:00:00	0.82259	0.82282	0.82133	0.82137	14868	0	8
2024.08.16	00:00:00	0.82133	0.82234	0.82074	0.82225	8306	0	8
2024.08.16	04:00:00	0.82226	0.82547	0.82193	0.82543	11445	0	8
2024.08.16	08:00:00	0.82544	0.82687	0.82506	0.82587	13551	0	8
2024.08.16	12:00:00	0.82586	0.82777	0.82584	0.82674	16771	0	8
2024.08.16	16:00:00	0.82675	0.82768	0.82535	0.82731	26522	0	7
2024.08.16	20:00:00	0.82730	0.82886	0.82714	0.82793	10801	0	7
2024.08.19	00:00:00	0.82686	0.82903	0.82638	0.82796	9477	0	7
2024.08.19	04:00:00	0.82797	0.83142	0.82785	0.83088	16952	0	7
2024.08.19	08:00:00	0.83089	0.83138	0.82924	0.83022	20307	0	7
2024.08.19	12:00:00	0.83021	0.83130	0.82988	0.83036	14326	0	7
2024.08.19	16:00:00	0.83036	0.83231	0.82965	0.83173	25912	0	7
2024.08.19	20:00:00	0.83174	0.83382	0.83152	0.83294	13261	0	7
2024.08.20	00:00:00	0.83285	0.83433	0.83225	0.83432	9527	0	7
2024.08.20	04:00:00	0.83443	0.83484	0.83344	0.83433	19197	0	7
2024.08.20	08:00:00	0.83432	0.83589	0.83402	0.83548	20159	0	7
2024.08.20	12:00:00	0.83548	0.83701	0.83489	0.83687	19423	0	7
2024.08.20	16:00:00	0.83686	0.83844	0.83637	0.83754	34322	0	7
2024.08.20	20:00:00	0.83755	0.83883	0.83680	0.83694	15964	0	7
2024.08.21	00:00:00	0.83725	0.83927	0.83682	0.83915	11802	0	7
2024.08.21	04:00:00	0.83914	0.83914	0.83590	0.83626	12708	0	7
2024.08.21	08:00:00	0.83626	0.83703	0.83517	0.83548	16809	0	7
2024.08.21	12:00:00	0.83549	0.83584	0.83450	0.83569	13633	0	7
2024.08.21	16:00:00	0.83571	0.83716	0.83471	0.83655	41398	0	7
2024.08.21	20:00:00	0.83653	0.83884	0.83559	0.83601	17066	0	7
2024.08.22	00:00:00	0.83665	0.83737	0.83592	0.83613	6502	0	7
2024.08.22	04:00:00	0.83610	0.83626	0.83492	0.83574	8670	0	7
2024.08.22	08:00:00	0.83573	0.83740	0.83540	0.83645	14530	0	7
2024.08.22	12:00:00	0.83644	0.83660	0.83495	0.83601	17473	0	7
2024.08.22	16:00:00	0.83602	0.83646	0.83432	0.83484	30170	0	7
2024.08.22	20:00:00	0.83484	0.83592	0.83437	0.83535	14296	0	7
2024.08.23	00:00:00	0.83490	0.83628	0.83443	0.83590	7750	0	7
2024.08.23	04:00:00	0.83590	0.83687	0.83577	0.83642	9076	0	7
2024.08.23	08:00:00	0.83643	0.83698	0.83575	0.83614	11765	0	7
2024.08.23	12:00:00	0.83614	0.83679	0.83590	0.83650	11921	0	7
2024.08.23	16:00:00	0.83650	0.84024	0.83534	0.83972	46430	0	7
2024.08.23	20:00:00	0.83972	0.84250	0.83965	0.84182	16561	0	7
2024.08.26	00:00:00	0.84009	0.84177	0.83953	0.84104	9568	0	7
2024.08.26	04:00:00	0.84103	0.84128	0.83948	0.83970	9687	0	7
2024.08.26	08:00:00	0.83972	0.83976	0.83807	0.83817	13711	0	7
2024.08.26	12:00:00	0.83818	0.83854	0.83661	0.83723	14729	0	7
2024.08.26	16:00:00	0.83723	0.83744	0.83624	0.83697	23598	0	7
2024.08.26	20:00:00	0.83696	0.83724	0.83457	0.83563	10819	0	7
2024.08.27	00:00:00	0.83538	0.83693	0.83514	0.83569	8516	0	7
2024.08.27	04:00:00	0.83570	0.83854	0.83542	0.83832	8775	0	7
2024.08.27	08:00:00	0.83831	0.83937	0.83729	0.83776	14601	0	7
2024.08.27	12:00:00	0.83777	0.83976	0.83758	0.83879	16864	0	7
2024.08.27	16:00:00	0.83877	0.83974	0.83786	0.83948	26086	0	7
2024.08.27	20:00:00	0.83947	0.84120	0.83927	0.84034	11649	0	7
2024.08.28	00:00:00	0.83797	0.84055	0.83710	0.84000	8418	0	7
2024.08.28	04:00:00	0.83999	0.84092	0.83871	0.84035	12587	0	7
2024.08.28	08:00:00	0.84036	0.84049	0.83804	0.84044	18135	0	7
2024.08.28	12:00:00	0.84043	0.84101	0.83975	0.83989	17381	0	7
2024.08.28	16:00:00	0.83990	0.84078	0.83948	0.83985	29836	0	7
2024.08.28	20:00:00	0.83986	0.84172	0.83946	0.84155	15628	0	7
2024.08.29	00:00:00	0.84101	0.84356	0.84058	0.84306	8162	0	7
2024.08.29	04:00:00	0.84306	0.84735	0.84304	0.84690	12007	0	7
2024.08.29	08:00:00	0.84691	0.84739	0.84455	0.84488	19226	0	7
2024.08.29	12:00:00	0.84487	0.84537	0.84271	0.84302	23099	0	7
2024.08.29	16:00:00	0.84301	0.84394	0.84229	0.84372	29851	0	7
2024.08.29	20:00:00	0.84372	0.84447	0.84340	0.84361	16007	0	7
2024.08.30	00:00:00	0.84431	0.84585	0.84253	0.84562	6968	0	7
2024.08.30	04:00:00	0.84559	0.84594	0.84414	0.84453	8983	0	7
2024.08.30	08:00:00	0.84454	0.84482	0.84258	0.84383	12730	0	7
2024.08.30	12:00:00	0.84384	0.84446	0.84193	0.84253	19955	0	7
2024.08.30	16:00:00	0.84252	0.84414	0.84144	0.84204	40195	0	7
2024.08.30	20:00:00	0.84204	0.84363	0.84188	0.84312	16560	0	7
2024.09.02	00:00:00	0.84050	0.84341	0.84049	0.84283	6432	0	7
2024.09.02	04:00:00	0.84282	0.84324	0.84101	0.84133	8020	0	7
2024.09.02	08:00:00	0.84135	0.84182	0.84016	0.84068	12906	0	7
2024.09.02	12:00:00	0.84069	0.84095	0.83982	0.84029	9948	0	7
2024.09.02	16:00:00	0.84030	0.84117	0.84004	0.84040	10770	0	7
2024.09.02	20:00:00	0.84036	0.84138	0.84015	0.84036	2542	0	9
2024.09.03	00:00:00	0.84004	0.84135	0.83961	0.84011	4490	0	7
2024.09.03	04:00:00	0.84011	0.84075	0.83668	0.83735	14214	0	7
2024.09.03	08:00:00	0.83735	0.83796	0.83640	0.83699	16992	0	7
2024.09.03	12:00:00	0.83699	0.83917	0.83663	0.83907	17516	0	7
2024.09.03	16:00:00	0.83905	0.84062	0.83789	0.83848	36666	0	7
2024.09.03	20:00:00	0.83849	0.83859	0.83766	0.83816	17030	0	9
2024.09.04	00:00:00	0.83727	0.83839	0.83631	0.83632	9405	0	7
2024.09.04	04:00:00	0.83630	0.83725	0.83570	0.83699	11718	0	7
2024.09.04	08:00:00	0.83700	0.83845	0.83609	0.83794	16742	0	7
2024.09.04	12:00:00	0.83795	0.83913	0.83773	0.83895	15398	0	7
2024.09.04	16:00:00	0.83893	0.83983	0.83732	0.83788	37158	0	7
2024.09.04	20:00:00	0.83788	0.83816	0.83689	0.83701	18804	0	7
2024.09.05	00:00:00	0.83581	0.83736	0.83475	0.83533	5948	0	7
2024.09.05	04:00:00	0.83534	0.83783	0.83514	0.83771	8209	0	7
2024.09.05	08:00:00	0.83770	0.83844	0.83696	0.83776	15407	0	7
2024.09.05	12:00:00	0.83776	0.84078	0.83759	0.84019	23754	0	7
2024.09.05	16:00:00	0.84019	0.84082	0.83826	0.84013	32981	0	7
2024.09.05	20:00:00	0.84012	0.84111	0.83987	0.84014	16208	0	7
2024.09.06	00:00:00	0.83972	0.84048	0.83963	0.83987	5065	0	7
2024.09.06	04:00:00	0.83987	0.84003	0.83861	0.83897	9297	0	7
2024.09.06	08:00:00	0.83898	0.84108	0.83827	0.84084	16100	0	7
2024.09.06	12:00:00	0.84083	0.84265	0.83675	0.84187	31859	0	7
2024.09.06	16:00:00	0.84188	0.84209	0.83582	0.83633	63113	0	7
2024.09.06	20:00:00	0.83634	0.83798	0.83606	0.83782	23494	0	9
2024.09.09	00:00:00	0.83697	0.83847	0.83620	0.83719	9209	0	7
2024.09.09	04:00:00	0.83720	0.83849	0.83631	0.83646	10961	0	7
2024.09.09	08:00:00	0.83645	0.83647	0.83230	0.83257	18023	0	7
2024.09.09	12:00:00	0.83258	0.83286	0.83106	0.83240	16428	0	7
2024.09.09	16:00:00	0.83241	0.83443	0.83224	0.83393	25752	0	7
2024.09.09	20:00:00	0.83394	0.83440	0.83237	0.83298	16936	0	7
2024.09.10	00:00:00	0.83201	0.83382	0.83179	0.83205	5093	0	7
2024.09.10	04:00:00	0.83204	0.83408	0.83201	0.83400	8159	0	7
2024.09.10	08:00:00	0.83399	0.83519	0.83386	0.83469	15379	0	7
2024.09.10	12:00:00	0.83468	0.83633	0.83449	0.83520	16803	0	7
2024.09.10	16:00:00	0.83518	0.83757	0.83468	0.83679	31702	0	7
2024.09.10	20:00:00	0.83680	0.83783	0.83675	0.83680	19808	0	9
2024.09.11	00:00:00	0.83594	0.83737	0.83592	0.83605	6370	0	8
2024.09.11	04:00:00	0.83608	0.83694	0.83497	0.83526	14347	0	7
2024.09.11	08:00:00	0.83528	0.83682	0.83485	0.83493	19284	0	7
2024.09.11	12:00:00	0.83492	0.83552	0.83155	0.83300	32788	0	7
2024.09.11	16:00:00	0.83301	0.83373	0.83156	0.83187	44299	0	7
2024.09.11	20:00:00	0.83191	0.83305	0.83162	0.83285	21226	0	7
2024.09.12	00:00:00	0.83169	0.83330	0.83130	0.83252	6782	0	8
2024.09.12	04:00:00	0.83251	0.83475	0.83232	0.83469	10322	0	7
2024.09.12	08:00:00	0.83469	0.83536	0.83219	0.83244	16802	0	7
2024.09.12	12:00:00	0.83243	0.83466	0.83213	0.83423	24762	0	7
2024.09.12	16:00:00	0.83423	0.83713	0.83398	0.83700	35592	0	7
2024.09.12	20:00:00	0.83701	0.83973	0.83697	0.83932	23925	0	8
2024.09.13	00:00:00	0.83808	0.84026	0.83629	0.83987	6575	0	7
2024.09.13	04:00:00	0.83989	0.84017	0.83851	0.83936	11363	0	7
2024.09.13	08:00:00	0.83937	0.83973	0.83860	0.83934	15408	0	7
2024.09.13	12:00:00	0.83935	0.83995	0.83748	0.83770	17586	0	7
2024.09.13	16:00:00	0.83770	0.83864	0.83692	0.83769	26972	0	7
2024.09.13	20:00:00	0.83768	0.83785	0.83637	0.83652	15045	0	9
2024.09.16	00:00:00	0.83654	0.83738	0.83623	0.83660	6562	0	8
2024.09.16	04:00:00	0.83660	0.83859	0.83561	0.83801	8247	0	7
2024.09.16	08:00:00	0.83802	0.84064	0.83776	0.84026	15705	0	7
2024.09.16	12:00:00	0.84024	0.84200	0.83977	0.84084	20314	0	7
2024.09.16	16:00:00	0.84082	0.84170	0.84041	0.84170	27375	0	7
2024.09.16	20:00:00	0.84169	0.84253	0.84057	0.84251	13628	0	7
2024.09.17	00:00:00	0.84161	0.84246	0.84042	0.84047	5704	0	8
2024.09.17	04:00:00	0.84048	0.84213	0.84045	0.84135	7194	0	7
2024.09.17	08:00:00	0.84138	0.84327	0.84079	0.84318	13437	0	7
2024.09.17	12:00:00	0.84317	0.84360	0.84133	0.84149	20509	0	7
2024.09.17	16:00:00	0.84150	0.84174	0.84019	0.84067	30337	0	7
2024.09.17	20:00:00	0.84066	0.84143	0.84011	0.84080	18878	0	7
2024.09.18	00:00:00	0.83960	0.84262	0.83955	0.84228	6109	0	7
2024.09.18	04:00:00	0.84227	0.84336	0.84206	0.84211	10721	0	7
2024.09.18	08:00:00	0.84211	0.84490	0.84188	0.84485	16906	0	7
2024.09.18	12:00:00	0.84485	0.84609	0.84470	0.84537	18676	0	7
2024.09.18	16:00:00	0.84537	0.84613	0.84328	0.84448	28540	0	7
2024.09.18	20:00:00	0.84447	0.84916	0.84285	0.84452	75857	0	7
2024.09.19	00:00:00	0.84301	0.84603	0.84223	0.84342	12331	0	7
2024.09.19	04:00:00	0.84345	0.84716	0.84317	0.84500	22545	0	7
2024.09.19	08:00:00	0.84503	0.84841	0.84464	0.84739	27033	0	7
2024.09.19	12:00:00	0.84738	0.84880	0.84512	0.84516	39627	0	7
2024.09.19	16:00:00	0.84515	0.84673	0.84507	0.84603	39660	0	7
2024.09.19	20:00:00	0.84603	0.84731	0.84561	0.84565	23799	0	7
2024.09.20	00:00:00	0.84516	0.84621	0.84425	0.84556	7590	0	8
2024.09.20	04:00:00	0.84557	0.84719	0.84457	0.84633	13208	0	7
2024.09.20	08:00:00	0.84635	0.84854	0.84577	0.84625	24425	0	7
2024.09.20	12:00:00	0.84626	0.84662	0.84452	0.84553	20456	0	7
2024.09.20	16:00:00	0.84554	0.84691	0.84347	0.84684	40919	0	7
2024.09.20	20:00:00	0.84682	0.84683	0.84577	0.84630	24045	0	7
2024.09.23	00:00:00	0.84404	0.84651	0.84390	0.84568	6640	0	7
2024.09.23	04:00:00	0.84565	0.84697	0.84500	0.84676	9431	0	7
2024.09.23	08:00:00	0.84676	0.84720	0.84529	0.84632	24748	0	7
2024.09.23	12:00:00	0.84632	0.84785	0.84631	0.84750	18164	0	7
2024.09.23	16:00:00	0.84749	0.84793	0.84552	0.84630	32869	0	7
2024.09.23	20:00:00	0.84629	0.84870	0.84616	0.84845	14809	0	7
2024.09.24	00:00:00	0.84691	0.84845	0.84673	0.84743	6849	0	7
2024.09.24	04:00:00	0.84742	0.84836	0.84661	0.84812	16016	0	7
2024.09.24	08:00:00	0.84813	0.84864	0.84634	0.84734	24159	0	7
2024.09.24	12:00:00	0.84733	0.85083	0.84714	0.85067	18452	0	7
2024.09.24	16:00:00	0.85066	0.85295	0.85061	0.85158	34861	0	7
2024.09.24	20:00:00	0.85157	0.85200	0.85079	0.85143	14818	0	7
2024.09.25	00:00:00	0.85083	0.85291	0.85063	0.85283	7706	0	7
2024.09.25	04:00:00	0.85283	0.85297	0.85026	0.85041	13751	0	7
2024.09.25	08:00:00	0.85040	0.85093	0.84813	0.84851	17926	0	7
2024.09.25	12:00:00	0.84852	0.84918	0.84767	0.84889	16942	0	7
2024.09.25	16:00:00	0.84888	0.84953	0.84467	0.84479	32962	0	7
2024.09.25	20:00:00	0.84478	0.84519	0.84404	0.84425	21497	0	7
2024.09.26	00:00:00	0.84412	0.84502	0.84322	0.84361	9418	0	8
2024.09.26	04:00:00	0.84363	0.84472	0.84242	0.84380	12928	0	8
2024.09.26	08:00:00	0.84379	0.84674	0.84364	0.84597	21359	0	8
2024.09.26	12:00:00	0.84596	0.85033	0.84593	0.84991	28182	0	8
2024.09.26	16:00:00	0.84990	0.85250	0.84880	0.85179	44254	0	8
2024.09.26	20:00:00	0.85179	0.85269	0.85167	0.85185	22691	0	7
2024.09.27	00:00:00	0.85115	0.85384	0.85100	0.85219	10156	0	7
2024.09.27	04:00:00	0.85219	0.85260	0.85007	0.85048	14709	0	7
2024.09.27	08:00:00	0.85052	0.85158	0.84964	0.85063	26612	0	7
2024.09.27	12:00:00	0.85063	0.85626	0.85039	0.85611	29606	0	7
2024.09.27	16:00:00	0.85610	0.85845	0.85474	0.85744	40619	0	7
2024.09.27	20:00:00	0.85745	0.85849	0.85683	0.85694	27286	0	7
2024.09.30	00:00:00	0.85552	0.85992	0.85547	0.85986	8710	0	7
2024.09.30	04:00:00	0.85987	0.86098	0.85908	0.86065	17663	0	7
2024.09.30	08:00:00	0.86066	0.86107	0.85884	0.85939	21292	0	7
2024.09.30	12:00:00	0.85938	0.85973	0.85793	0.85802	19043	0	7
2024.09.30	16:00:00	0.85801	0.86118	0.85791	0.86078	36584	0	7
2024.09.30	20:00:00	0.86077	0.86131	0.85777	0.85846	29344	0	7
2024.10.01	00:00:00	0.85700	0.85863	0.85700	0.85817	7937	0	7
2024.10.01	04:00:00	0.85816	0.85821	0.85510	0.85634	12979	0	7
2024.10.01	08:00:00	0.85635	0.85718	0.85341	0.85448	21048	0	7
2024.10.01	12:00:00	0.85449	0.85600	0.85304	0.85321	22320	0	7
2024.10.01	16:00:00	0.85321	0.85382	0.84694	0.84763	55044	0	7
2024.10.01	20:00:00	0.84761	0.84967	0.84683	0.84715	28817	0	7
2024.10.02	00:00:00	0.84742	0.84844	0.84667	0.84814	8331	0	7
2024.10.02	04:00:00	0.84815	0.85083	0.84815	0.84924	16068	0	7
2024.10.02	08:00:00	0.84924	0.84954	0.84733	0.84769	22731	0	7
2024.10.02	12:00:00	0.84768	0.84802	0.84678	0.84700	22734	0	7
2024.10.02	16:00:00	0.84701	0.84739	0.84415	0.84551	32605	0	7
2024.10.02	20:00:00	0.84550	0.84601	0.84486	0.84538	14571	0	7
2024.10.03	00:00:00	0.84489	0.84590	0.84359	0.84372	7828	0	7
2024.10.03	04:00:00	0.84370	0.84479	0.84270	0.84353	14305	0	7
2024.10.03	08:00:00	0.84353	0.84380	0.84138	0.84161	22556	0	7
2024.10.03	12:00:00	0.84161	0.84241	0.84076	0.84171	27492	0	7
2024.10.03	16:00:00	0.84173	0.84361	0.84101	0.84152	42297	0	7
2024.10.03	20:00:00	0.84156	0.84256	0.84123	0.84188	19634	0	7
2024.10.04	00:00:00	0.84056	0.84280	0.84014	0.84171	7192	0	7
2024.10.04	04:00:00	0.84172	0.84260	0.84118	0.84166	13615	0	7
2024.10.04	08:00:00	0.84167	0.84221	0.84062	0.84098	15909	0	7
2024.10.04	12:00:00	0.84101	0.84152	0.83515	0.83576	27550	0	7
2024.10.04	16:00:00	0.83576	0.83729	0.83474	0.83582	40731	0	7
2024.10.04	20:00:00	0.83583	0.83678	0.83567	0.83589	16692	0	7
2024.10.07	00:00:00	0.83471	0.83806	0.83461	0.83674	9635	0	7
2024.10.07	04:00:00	0.83677	0.83769	0.83643	0.83695	15644	0	7
2024.10.07	08:00:00	0.83696	0.83700	0.83478	0.83485	18290	0	7
2024.10.07	12:00:00	0.83486	0.83592	0.83366	0.83523	19679	0	7
2024.10.07	16:00:00	0.83520	0.83591	0.83285	0.83343	30557	0	7
2024.10.07	20:00:00	0.83341	0.83433	0.83335	0.83404	18452	0	7
2024.10.08	00:00:00	0.83314	0.83644	0.83258	0.83626	8887	0	7
2024.10.08	04:00:00	0.83626	0.83657	0.83262	0.83428	25938	0	7
2024.10.08	08:00:00	0.83429	0.83633	0.83375	0.83526	22875	0	7
2024.10.08	12:00:00	0.83527	0.83578	0.83413	0.83528	15675	0	7
2024.10.08	16:00:00	0.83526	0.83662	0.83476	0.83632	27315	0	7
2024.10.08	20:00:00	0.83628	0.83764	0.83527	0.83731	16591	0	7
2024.10.09	00:00:00	0.83783	0.83809	0.83628	0.83756	6799	0	7
2024.10.09	04:00:00	0.83750	0.83763	0.83001	0.83113	24279	0	7
2024.10.09	08:00:00	0.83111	0.83400	0.83061	0.83136	27474	0	7
2024.10.09	12:00:00	0.83135	0.83217	0.82946	0.82984	15272	0	7
2024.10.09	16:00:00	0.82984	0.83042	0.82873	0.82986	22918	0	7
2024.10.09	20:00:00	0.82986	0.83138	0.82877	0.83110	12283	0	7
2024.10.10	00:00:00	0.82980	0.83256	0.82934	0.83182	7919	0	7
2024.10.10	04:00:00	0.83183	0.83485	0.83168	0.83477	17350	0	7
2024.10.10	08:00:00	0.83477	0.83501	0.83358	0.83434	15335	0	7
2024.10.10	12:00:00	0.83435	0.83716	0.83217	0.83623	30700	0	7
2024.10.10	16:00:00	0.83622	0.83731	0.83522	0.83570	39015	0	7
2024.10.10	20:00:00	0.83570	0.83756	0.83536	0.83709	15119	0	7
2024.10.11	00:00:00	0.83615	0.83832	0.83594	0.83814	7648	0	7
2024.10.11	04:00:00	0.83813	0.83958	0.83796	0.83928	8915	0	7
2024.10.11	08:00:00	0.83928	0.83969	0.83793	0.83925	12081	0	7
2024.10.11	12:00:00	0.83926	0.83990	0.83594	0.83740	18235	0	7
2024.10.11	16:00:00	0.83739	0.84179	0.83700	0.84118	24931	0	7
2024.10.11	20:00:00	0.84118	0.84193	0.84048	0.84071	7879	0	7
2024.10.14	00:00:00	0.83729	0.84078	0.83729	0.83998	7857	0	7
2024.10.14	04:00:00	0.83999	0.84035	0.83867	0.83931	15162	0	7
2024.10.14	08:00:00	0.83932	0.84039	0.83893	0.83950	14534	0	7
2024.10.14	12:00:00	0.83949	0.83994	0.83768	0.83795	12633	0	7
2024.10.14	16:00:00	0.83795	0.84062	0.83743	0.83991	22298	0	7
2024.10.14	20:00:00	0.83990	0.84096	0.83940	0.84072	10657	0	7
2024.10.15	00:00:00	0.83903	0.84118	0.83892	0.84032	5511	0	7
2024.10.15	04:00:00	0.84033	0.84078	0.83957	0.83984	11804	0	7
2024.10.15	08:00:00	0.83984	0.84077	0.83890	0.84070	18735	0	7
2024.10.15	12:00:00	0.84069	0.84332	0.84027	0.84301	19212	0	7
2024.10.15	16:00:00	0.84301	0.84328	0.83894	0.83911	27564	0	7
2024.10.15	20:00:00	0.83909	0.83962	0.83734	0.83777	12604	0	7
2024.10.16	00:00:00	0.83758	0.83809	0.83283	0.83398	10683	0	7
2024.10.16	04:00:00	0.83396	0.83654	0.83373	0.83515	14248	0	7
2024.10.16	08:00:00	0.83515	0.83693	0.83469	0.83688	20451	0	7
2024.10.16	12:00:00	0.83688	0.83775	0.83564	0.83602	16044	0	7
2024.10.16	16:00:00	0.83603	0.83674	0.83365	0.83406	22932	0	7
2024.10.16	20:00:00	0.83405	0.83438	0.83266	0.83273	10420	0	7
2024.10.17	00:00:00	0.83212	0.83425	0.83212	0.83412	6886	0	7
2024.10.17	04:00:00	0.83411	0.83524	0.83357	0.83415	14240	0	7
2024.10.17	08:00:00	0.83413	0.83517	0.83313	0.83401	15938	0	7
2024.10.17	12:00:00	0.83401	0.83676	0.83399	0.83555	24529	0	7
2024.10.17	16:00:00	0.83553	0.83645	0.83424	0.83573	31651	0	7
2024.10.17	20:00:00	0.83572	0.83634	0.83553	0.83580	11054	0	7
2024.10.18	00:00:00	0.83494	0.83639	0.83479	0.83585	6216	0	7
2024.10.18	04:00:00	0.83586	0.83710	0.83576	0.83585	16691	0	7
2024.10.18	08:00:00	0.83585	0.83748	0.83572	0.83723	17733	0	7
2024.10.18	12:00:00	0.83722	0.83808	0.83696	0.83789	14090	0	7
2024.10.18	16:00:00	0.83790	0.83845	0.83701	0.83786	20412	0	7
2024.10.18	20:00:00	0.83788	0.83854	0.83689	0.83766	12731	0	7
2024.10.21	00:00:00	0.83681	0.83886	0.83580	0.83863	6864	0	8
2024.10.21	04:00:00	0.83863	0.83973	0.83829	0.83855	16513	0	7
2024.10.21	08:00:00	0.83856	0.83884	0.83663	0.83704	17490	0	7
2024.10.21	12:00:00	0.83705	0.83806	0.83615	0.83752	15680	0	7
2024.10.21	16:00:00	0.83752	0.83794	0.83477	0.83528	21292	0	7
2024.10.21	20:00:00	0.83529	0.83544	0.83384	0.83402	11692	0	7
2024.10.22	00:00:00	0.83357	0.83438	0.83300	0.83364	5823	0	8
2024.10.22	04:00:00	0.83365	0.83754	0.83356	0.83754	15744	0	7
2024.10.22	08:00:00	0.83753	0.83785	0.83681	0.83698	16295	0	7
2024.10.22	12:00:00	0.83699	0.83797	0.83643	0.83706	16191	0	7
2024.10.22	16:00:00	0.83707	0.83765	0.83528	0.83625	24047	0	7
2024.10.22	20:00:00	0.83625	0.83663	0.83454	0.83488	11997	0	7
2024.10.23	00:00:00	0.83491	0.83544	0.83388	0.83413	5498	0	7
2024.10.23	04:00:00	0.83412	0.83627	0.83354	0.83440	16678	0	7
2024.10.23	08:00:00	0.83439	0.83458	0.83289	0.83326	17208	0	7
2024.10.23	12:00:00	0.83327	0.83340	0.83123	0.83212	14713	0	7
2024.10.23	16:00:00	0.83211	0.83243	0.83034	0.83047	22428	0	7
2024.10.23	20:00:00	0.83046	0.83118	0.82875	0.83059	13857	0	7
2024.10.24	00:00:00	0.82957	0.83132	0.82952	0.83087	6425	0	7
2024.10.24	04:00:00	0.83087	0.83156	0.83060	0.83145	12915	0	7
2024.10.24	08:00:00	0.83146	0.83314	0.83096	0.83259	19230	0	7
2024.10.24	12:00:00	0.83260	0.83319	0.83209	0.83268	17804	0	7
2024.10.24	16:00:00	0.83266	0.83302	0.83115	0.83292	28805	0	7
2024.10.24	20:00:00	0.83293	0.83364	0.83261	0.83317	14210	0	7
2024.10.25	00:00:00	0.83256	0.83337	0.83126	0.83154	6132	0	7
2024.10.25	04:00:00	0.83154	0.83230	0.82942	0.83011	14151	0	7
2024.10.25	08:00:00	0.83010	0.83150	0.83006	0.83064	15560	0	7
2024.10.25	12:00:00	0.83065	0.83212	0.83057	0.83191	13716	0	7
2024.10.25	16:00:00	0.83192	0.83300	0.83051	0.83070	22112	0	7
2024.10.25	20:00:00	0.83064	0.83069	0.82985	0.83024	13826	0	7
2024.10.28	00:00:00	0.82946	0.83146	0.82904	0.82986	7980	0	7
2024.10.28	04:00:00	0.82985	0.83041	0.82841	0.82897	13484	0	7
2024.10.28	08:00:00	0.82896	0.82984	0.82819	0.82982	12529	0	7
2024.10.28	12:00:00	0.82984	0.83243	0.82977	0.83209	12829	0	7
2024.10.28	16:00:00	0.83208	0.83270	0.83051	0.83086	19796	0	7
2024.10.28	20:00:00	0.83087	0.83098	0.82990	0.83052	10365	0	7
2024.10.29	00:00:00	0.83004	0.83175	0.82976	0.83026	5249	0	7
2024.10.29	04:00:00	0.83025	0.83097	0.82930	0.82991	12503	0	7
2024.10.29	08:00:00	0.82990	0.83040	0.82901	0.82982	14219	0	7
2024.10.29	12:00:00	0.82980	0.83024	0.82818	0.82855	15109	0	8
2024.10.29	16:00:00	0.82856	0.83014	0.82830	0.82960	32680	0	7
2024.10.29	20:00:00	0.82959	0.83125	0.82950	0.83107	13385	0	7
2024.10.30	00:00:00	0.83044	0.83121	0.82872	0.83072	7648	0	7
2024.10.30	04:00:00	0.83071	0.83148	0.82851	0.82930	15192	0	7
2024.10.30	08:00:00	0.82931	0.83451	0.82889	0.83411	15646	0	7
2024.10.30	12:00:00	0.83412	0.83425	0.83161	0.83254	27134	0	7
2024.10.30	16:00:00	0.83253	0.83385	0.83185	0.83256	34282	0	7
2024.10.30	20:00:00	0.83257	0.83265	0.82995	0.83033	14246	0	7
2024.10.31	00:00:00	0.83038	0.83090	0.82912	0.83005	8853	0	7
2024.10.31	04:00:00	0.83004	0.83206	0.83001	0.83143	15432	0	7
2024.10.31	08:00:00	0.83141	0.83249	0.83123	0.83164	16704	0	7
2024.10.31	12:00:00	0.83163	0.83190	0.82960	0.83111	21798	0	7
2024.10.31	16:00:00	0.83110	0.83111	0.82647	0.82980	36681	0	7
2024.10.31	20:00:00	0.82979	0.83309	0.82934	0.83254	19156	0	7
2024.11.01	00:00:00	0.83244	0.83294	0.83085	0.83146	6903	0	7
2024.11.01	04:00:00	0.83147	0.83332	0.83085	0.83314	13955	0	7
2024.11.01	08:00:00	0.83317	0.83328	0.83133	0.83180	14021	0	7
2024.11.01	12:00:00	0.83184	0.83418	0.83033	0.83346	24937	0	7
2024.11.01	16:00:00	0.83342	0.83371	0.83166	0.83342	34441	0	7
2024.11.01	20:00:00	0.83342	0.83345	0.83121	0.83160	16941	0	7
2024.11.04	00:00:00	0.83412	0.83517	0.83165	0.83375	14492	0	7
2024.11.04	04:00:00	0.83372	0.83572	0.83362	0.83459	14547	0	7
2024.11.04	08:00:00	0.83458	0.83472	0.83264	0.83319	17879	0	7
2024.11.04	12:00:00	0.83321	0.83327	0.83214	0.83282	15260	0	7
2024.11.04	16:00:00	0.83283	0.83314	0.83018	0.83070	28857	0	7
2024.11.04	20:00:00	0.83068	0.83083	0.82987	0.83018	14357	0	7
2024.11.05	00:00:00	0.83025	0.83095	0.82942	0.83072	7887	0	8
2024.11.05	04:00:00	0.83072	0.83174	0.82989	0.83144	12454	0	7
2024.11.05	08:00:00	0.83144	0.83325	0.83115	0.83277	13205	0	7
2024.11.05	12:00:00	0.83278	0.83340	0.83209	0.83251	11934	0	7
2024.11.05	16:00:00	0.83250	0.83304	0.83030	0.83070	26191	0	7
2024.11.05	20:00:00	0.83049	0.83164	0.82911	0.83029	13499	0	7
2024.11.06	00:00:00	0.82964	0.83280	0.82784	0.82926	35685	0	7
2024.11.06	04:00:00	0.82926	0.82962	0.82390	0.82618	65467	0	7
2024.11.06	08:00:00	0.82617	0.83016	0.82386	0.82978	46945	0	7
2024.11.06	12:00:00	0.82979	0.82986	0.82603	0.82797	37302	0	7
2024.11.06	16:00:00	0.82798	0.83030	0.82730	0.82827	43361	0	7
2024.11.06	20:00:00	0.82818	0.83009	0.82703	0.82755	17740	0	7
2024.11.07	00:00:00	0.82693	0.82892	0.82664	0.82875	13593	0	7
2024.11.07	04:00:00	0.82874	0.83173	0.82874	0.83140	16038	0	7
2024.11.07	08:00:00	0.83141	0.83265	0.83088	0.83222	20441	0	7
2024.11.07	12:00:00	0.83222	0.83538	0.83118	0.83519	25836	0	7
2024.11.07	16:00:00	0.83522	0.83677	0.83394	0.83435	30988	0	7
2024.11.07	20:00:00	0.83436	0.83533	0.83310	0.83475	30665	0	7
2024.11.08	00:00:00	0.83391	0.83544	0.83371	0.83450	10655	0	7
2024.11.08	04:00:00	0.83451	0.83491	0.83303	0.83393	13684	0	7
2024.11.08	08:00:00	0.83396	0.83485	0.83256	0.83436	23859	0	7
2024.11.08	12:00:00	0.83435	0.83472	0.83155	0.83200	23541	0	7
2024.11.08	16:00:00	0.83200	0.83241	0.82819	0.82956	31158	0	7
2024.11.08	20:00:00	0.82955	0.83032	0.82870	0.82932	15319	0	7
2024.11.11	00:00:00	0.82986	0.83067	0.82723	0.83021	10895	0	7
2024.11.11	04:00:00	0.83020	0.83203	0.82993	0.83115	10477	0	7
2024.11.11	08:00:00	0.83115	0.83155	0.82941	0.83141	17020	0	7
2024.11.11	12:00:00	0.83141	0.83161	0.83026	0.83061	15394	0	7
2024.11.11	16:00:00	0.83062	0.83155	0.82934	0.82960	19790	0	7
2024.11.11	20:00:00	0.82956	0.83046	0.82942	0.83032	7977	0	7
2024.11.12	00:00:00	0.82953	0.83149	0.82892	0.83097	10799	0	9
2024.11.12	04:00:00	0.83098	0.83129	0.83019	0.83022	15604	0	7
2024.11.12	08:00:00	0.83020	0.83116	0.82920	0.83013	22527	0	7
2024.11.12	12:00:00	0.83012	0.83060	0.82805	0.82828	20264	0	7
2024.11.12	16:00:00	0.82827	0.82839	0.82436	0.82506	29294	0	7
2024.11.12	20:00:00	0.82504	0.82664	0.82498	0.82611	13291	0	7
2024.11.13	00:00:00	0.82523	0.82718	0.82503	0.82706	11099	0	7
2024.11.13	04:00:00	0.82707	0.82747	0.82631	0.82722	12279	0	7
2024.11.13	08:00:00	0.82721	0.82771	0.82630	0.82742	17968	0	7
2024.11.13	12:00:00	0.82743	0.82878	0.82599	0.82802	24646	0	7
2024.11.13	16:00:00	0.82803	0.82835	0.82220	0.82256	44528	0	7
2024.11.13	20:00:00	0.82255	0.82397	0.82211	0.82274	13474	0	7
2024.11.14	00:00:00	0.82227	0.82344	0.82139	0.82191	11804	0	9
2024.11.14	04:00:00	0.82192	0.82212	0.82055	0.82122	14688	0	7
2024.11.14	08:00:00	0.82122	0.82183	0.82006	0.82020	19887	0	7
2024.11.14	12:00:00	0.82019	0.82253	0.81981	0.82139	29817	0	7
2024.11.14	16:00:00	0.82135	0.82449	0.82129	0.82431	33859	0	7
2024.11.14	20:00:00	0.82426	0.82435	0.82077	0.82223	23384	0	7
2024.11.15	00:00:00	0.82203	0.82306	0.82156	0.82279	12786	0	7
2024.11.15	04:00:00	0.82278	0.82460	0.82276	0.82386	12053	0	7
2024.11.15	08:00:00	0.82385	0.82511	0.82342	0.82470	20591	0	7
2024.11.15	12:00:00	0.82472	0.82541	0.82342	0.82455	26933	0	7
2024.11.15	16:00:00	0.82456	0.82627	0.82320	0.82598	39374	0	7
2024.11.15	20:00:00	0.82598	0.82662	0.82486	0.82582	19900	0	7
2024.11.18	00:00:00	0.82634	0.82704	0.82518	0.82558	38318	0	11
2024.11.18	04:00:00	0.82557	0.82589	0.82434	0.82544	39052	0	11
2024.11.18	08:00:00	0.82543	0.82549	0.82339	0.82388	73667	0	9
2024.11.18	12:00:00	0.82389	0.82392	0.82246	0.82384	75851	0	8
2024.11.18	16:00:00	0.82384	0.82518	0.82358	0.82495	98384	0	8
2024.11.18	20:00:00	0.82493	0.82626	0.82484	0.82577	42039	0	8
2024.11.19	00:00:00	0.82519	0.82610	0.82452	0.82597	29946	0	8
2024.11.19	04:00:00	0.82596	0.82672	0.82517	0.82564	33894	0	11
2024.11.19	08:00:00	0.82564	0.82657	0.82445	0.82468	117166	0	9
2024.11.19	12:00:00	0.82467	0.82682	0.82420	0.82562	107518	0	8
2024.11.19	16:00:00	0.82561	0.82600	0.82404	0.82499	134777	0	8
2024.11.19	20:00:00	0.82496	0.82576	0.82460	0.82496	44659	0	8
2024.11.20	00:00:00	0.82456	0.82616	0.82427	0.82559	29045	0	10
2024.11.20	04:00:00	0.82559	0.82566	0.82395	0.82402	26879	0	13
2024.11.20	08:00:00	0.82402	0.82422	0.82222	0.82266	74446	0	9
2024.11.20	12:00:00	0.82267	0.82323	0.82202	0.82232	72648	0	8
2024.11.20	16:00:00	0.82232	0.82254	0.82118	0.82158	100612	0	8
2024.11.20	20:00:00	0.82159	0.82171	0.82062	0.82112	44062	0	8
2024.11.21	00:00:00	0.82065	0.82205	0.82046	0.82149	26356	0	10
2024.11.21	04:00:00	0.82150	0.82161	0.82001	0.82005	34411	0	13
2024.11.21	08:00:00	0.82003	0.82061	0.81837	0.81928	96283	0	9
2024.11.21	12:00:00	0.81927	0.82085	0.81887	0.82064	91856	0	8
2024.11.21	16:00:00	0.82064	0.82070	0.81673	0.81850	140432	0	8
2024.11.21	20:00:00	0.81850	0.81933	0.81810	0.81853	46033	0	8
2024.11.22	00:00:00	0.81791	0.81900	0.81651	0.81661	35322	0	10
2024.11.22	04:00:00	0.81658	0.81677	0.81443	0.81523	41160	0	13
2024.11.22	08:00:00	0.81521	0.81753	0.81513	0.81684	130305	0	9
2024.11.22	12:00:00	0.81683	0.81778	0.81587	0.81625	122144	0	8
2024.11.22	16:00:00	0.81625	0.81652	0.81370	0.81492	136153	0	8
2024.11.22	20:00:00	0.81495	0.81583	0.81469	0.81531	48711	0	8
2024.11.25	00:00:00	0.81652	0.81778	0.81595	0.81698	49774	0	8
2024.11.25	04:00:00	0.81696	0.81744	0.81560	0.81616	40581	0	11
2024.11.25	08:00:00	0.81614	0.81749	0.81538	0.81649	93334	0	9
2024.11.25	12:00:00	0.81650	0.81885	0.81625	0.81861	89685	0	8
2024.11.25	16:00:00	0.81861	0.81920	0.81716	0.81729	123172	0	8
2024.11.25	20:00:00	0.81726	0.81770	0.81685	0.81737	46147	0	8
2024.11.26	00:00:00	0.81679	0.82301	0.81617	0.82244	100692	0	8
2024.11.26	04:00:00	0.82241	0.82462	0.82166	0.82396	45664	0	11
2024.11.26	08:00:00	0.82397	0.82591	0.82342	0.82353	90546	0	9
2024.11.26	12:00:00	0.82351	0.82613	0.82342	0.82498	104937	0	8
2024.11.26	16:00:00	0.82497	0.82505	0.81853	0.81951	140668	0	8
2024.11.26	20:00:00	0.81952	0.82012	0.81853	0.81982	58701	0	8
2024.11.27	00:00:00	0.81951	0.82631	0.81869	0.82600	43991	0	8
2024.11.27	04:00:00	0.82597	0.82654	0.82235	0.82549	42594	0	11
2024.11.27	08:00:00	0.82547	0.82866	0.82539	0.82769	102501	0	9
2024.11.27	12:00:00	0.82768	0.82922	0.82667	0.82919	102038	0	8
2024.11.27	16:00:00	0.82918	0.82995	0.82706	0.82803	145881	0	8
2024.11.27	20:00:00	0.82799	0.82839	0.82660	0.82664	49432	0	8
2024.11.28	00:00:00	0.82555	0.82710	0.82432	0.82687	35066	0	9
2024.11.28	04:00:00	0.82687	0.82694	0.82528	0.82617	33218	0	11
2024.11.28	08:00:00	0.82616	0.82622	0.82475	0.82491	76525	0	9
2024.11.28	12:00:00	0.82492	0.82548	0.82389	0.82485	56185	0	8
2024.11.28	16:00:00	0.82485	0.82542	0.82424	0.82514	47904	0	8
2024.11.28	20:00:00	0.82508	0.82574	0.82489	0.82494	9568	0	11
2024.11.29	00:00:00	0.82481	0.82699	0.82446	0.82643	45631	0	8
2024.11.29	04:00:00	0.82641	0.82750	0.82533	0.82713	38520	0	11
2024.11.29	08:00:00	0.82712	0.82932	0.82673	0.82786	79267	0	9
2024.11.29	12:00:00	0.82787	0.83006	0.82731	0.82991	87318	0	8
2024.11.29	16:00:00	0.82991	0.83115	0.82772	0.82899	111952	0	8
2024.11.29	20:00:00	0.82898	0.82988	0.82856	0.82908	139211	0	11
